commit,timestamp,datetime,language,code,comments,blanks,lines
266a3003c237c96f8a24579181e847258f098b66,1762548022,2025-11-07T12:40:22-08:00,Markdown,0,34,22,56
266a3003c237c96f8a24579181e847258f098b66,1762548022,2025-11-07T12:40:22-08:00,Shell,10,0,0,10
a9e8aeeeb8ae67eb9b5e49359f3a0092fafea735,1762548126,2025-11-07T12:42:06-08:00,Markdown,0,34,22,56
a9e8aeeeb8ae67eb9b5e49359f3a0092fafea735,1762548126,2025-11-07T12:42:06-08:00,Shell,10,0,0,10
a9e8aeeeb8ae67eb9b5e49359f3a0092fafea735,1762548126,2025-11-07T12:42:06-08:00,Solidity,40,3,14,57
a9e8aeeeb8ae67eb9b5e49359f3a0092fafea735,1762548126,2025-11-07T12:42:06-08:00,TOML,4,1,1,6
a9e8aeeeb8ae67eb9b5e49359f3a0092fafea735,1762548126,2025-11-07T12:42:06-08:00,YAML,28,0,9,37
36d5e4948180369b68d68eb6c7a1172f356abab8,1762552923,2025-11-07T14:02:03-08:00,Markdown,0,34,22,56
36d5e4948180369b68d68eb6c7a1172f356abab8,1762552923,2025-11-07T14:02:03-08:00,Plain Text,0,210,0,210
36d5e4948180369b68d68eb6c7a1172f356abab8,1762552923,2025-11-07T14:02:03-08:00,Shell,10,0,0,10
36d5e4948180369b68d68eb6c7a1172f356abab8,1762552923,2025-11-07T14:02:03-08:00,Solidity,40,3,14,57
36d5e4948180369b68d68eb6c7a1172f356abab8,1762552923,2025-11-07T14:02:03-08:00,TOML,4,1,1,6
36d5e4948180369b68d68eb6c7a1172f356abab8,1762552923,2025-11-07T14:02:03-08:00,YAML,51,0,9,60
3d83b84f898140d011f03c3c3959f2ad81b9c8b9,1762553561,2025-11-07T14:12:41-08:00,Markdown,0,34,22,56
3d83b84f898140d011f03c3c3959f2ad81b9c8b9,1762553561,2025-11-07T14:12:41-08:00,Plain Text,0,210,0,210
3d83b84f898140d011f03c3c3959f2ad81b9c8b9,1762553561,2025-11-07T14:12:41-08:00,Shell,10,0,0,10
3d83b84f898140d011f03c3c3959f2ad81b9c8b9,1762553561,2025-11-07T14:12:41-08:00,Solidity,40,3,14,57
3d83b84f898140d011f03c3c3959f2ad81b9c8b9,1762553561,2025-11-07T14:12:41-08:00,TOML,4,1,1,6
3d83b84f898140d011f03c3c3959f2ad81b9c8b9,1762553561,2025-11-07T14:12:41-08:00,YAML,51,0,9,60
b95de98ebdeecff40bacba59129b16dc6028a535,1762814289,2025-11-10T14:38:09-08:00,Markdown,0,34,22,56
b95de98ebdeecff40bacba59129b16dc6028a535,1762814289,2025-11-10T14:38:09-08:00,Plain Text,0,210,0,210
b95de98ebdeecff40bacba59129b16dc6028a535,1762814289,2025-11-10T14:38:09-08:00,Shell,10,0,0,10
b95de98ebdeecff40bacba59129b16dc6028a535,1762814289,2025-11-10T14:38:09-08:00,Solidity,40,3,14,57
b95de98ebdeecff40bacba59129b16dc6028a535,1762814289,2025-11-10T14:38:09-08:00,TOML,4,1,1,6
b95de98ebdeecff40bacba59129b16dc6028a535,1762814289,2025-11-10T14:38:09-08:00,YAML,51,0,9,60
ee8813a15ec5c9757051170a85d871b88d673f0a,1762840585,2025-11-10T21:56:25-08:00,Markdown,0,34,22,56
ee8813a15ec5c9757051170a85d871b88d673f0a,1762840585,2025-11-10T21:56:25-08:00,Plain Text,0,210,0,210
ee8813a15ec5c9757051170a85d871b88d673f0a,1762840585,2025-11-10T21:56:25-08:00,Shell,10,0,0,10
ee8813a15ec5c9757051170a85d871b88d673f0a,1762840585,2025-11-10T21:56:25-08:00,Solidity,40,3,14,57
ee8813a15ec5c9757051170a85d871b88d673f0a,1762840585,2025-11-10T21:56:25-08:00,TOML,4,1,1,6
ee8813a15ec5c9757051170a85d871b88d673f0a,1762840585,2025-11-10T21:56:25-08:00,YAML,51,0,9,60
9c9786cf259a82f6d0442362ddbf4b93c189fa4e,1763210912,2025-11-15T04:48:32-08:00,Markdown,0,34,22,56
9c9786cf259a82f6d0442362ddbf4b93c189fa4e,1763210912,2025-11-15T04:48:32-08:00,Plain Text,0,213,0,213
9c9786cf259a82f6d0442362ddbf4b93c189fa4e,1763210912,2025-11-15T04:48:32-08:00,Shell,10,0,0,10
9c9786cf259a82f6d0442362ddbf4b93c189fa4e,1763210912,2025-11-15T04:48:32-08:00,Solidity,40,3,14,57
9c9786cf259a82f6d0442362ddbf4b93c189fa4e,1763210912,2025-11-15T04:48:32-08:00,TOML,4,1,1,6
9c9786cf259a82f6d0442362ddbf4b93c189fa4e,1763210912,2025-11-15T04:48:32-08:00,YAML,51,0,9,60
3114fdfab0577bbaf76d7b28c252a25ba6e62efc,1763502547,2025-11-18T13:49:07-08:00,Markdown,0,34,22,56
3114fdfab0577bbaf76d7b28c252a25ba6e62efc,1763502547,2025-11-18T13:49:07-08:00,Plain Text,0,213,0,213
3114fdfab0577bbaf76d7b28c252a25ba6e62efc,1763502547,2025-11-18T13:49:07-08:00,Shell,10,0,0,10
3114fdfab0577bbaf76d7b28c252a25ba6e62efc,1763502547,2025-11-18T13:49:07-08:00,Solidity,40,3,14,57
3114fdfab0577bbaf76d7b28c252a25ba6e62efc,1763502547,2025-11-18T13:49:07-08:00,TOML,4,1,1,6
3114fdfab0577bbaf76d7b28c252a25ba6e62efc,1763502547,2025-11-18T13:49:07-08:00,YAML,51,0,9,60
f8205bc0abe23c4400db23d9b74b67c44fc17c24,1763502728,2025-11-18T13:52:08-08:00,Markdown,0,34,22,56
f8205bc0abe23c4400db23d9b74b67c44fc17c24,1763502728,2025-11-18T13:52:08-08:00,Plain Text,0,213,0,213
f8205bc0abe23c4400db23d9b74b67c44fc17c24,1763502728,2025-11-18T13:52:08-08:00,Shell,10,0,0,10
f8205bc0abe23c4400db23d9b74b67c44fc17c24,1763502728,2025-11-18T13:52:08-08:00,Solidity,40,3,14,57
f8205bc0abe23c4400db23d9b74b67c44fc17c24,1763502728,2025-11-18T13:52:08-08:00,TOML,4,1,1,6
f8205bc0abe23c4400db23d9b74b67c44fc17c24,1763502728,2025-11-18T13:52:08-08:00,YAML,51,0,9,60
d6dea72c204b8a9fe444d9ff2682348686a27edf,1763503396,2025-11-18T14:03:16-08:00,Markdown,0,34,22,56
d6dea72c204b8a9fe444d9ff2682348686a27edf,1763503396,2025-11-18T14:03:16-08:00,Plain Text,0,213,0,213
d6dea72c204b8a9fe444d9ff2682348686a27edf,1763503396,2025-11-18T14:03:16-08:00,Shell,10,0,0,10
d6dea72c204b8a9fe444d9ff2682348686a27edf,1763503396,2025-11-18T14:03:16-08:00,Solidity,40,3,14,57
d6dea72c204b8a9fe444d9ff2682348686a27edf,1763503396,2025-11-18T14:03:16-08:00,TOML,4,1,1,6
d6dea72c204b8a9fe444d9ff2682348686a27edf,1763503396,2025-11-18T14:03:16-08:00,YAML,51,0,9,60
c9fff4161b3efdd46da13155d411767f02691bb3,1763503413,2025-11-18T14:03:33-08:00,Markdown,0,34,22,56
c9fff4161b3efdd46da13155d411767f02691bb3,1763503413,2025-11-18T14:03:33-08:00,Plain Text,0,214,0,214
c9fff4161b3efdd46da13155d411767f02691bb3,1763503413,2025-11-18T14:03:33-08:00,Shell,10,0,0,10
c9fff4161b3efdd46da13155d411767f02691bb3,1763503413,2025-11-18T14:03:33-08:00,Solidity,40,3,14,57
c9fff4161b3efdd46da13155d411767f02691bb3,1763503413,2025-11-18T14:03:33-08:00,TOML,4,1,1,6
c9fff4161b3efdd46da13155d411767f02691bb3,1763503413,2025-11-18T14:03:33-08:00,YAML,51,0,9,60
0a9099273e8aa386d8319b9e41dc90a817016e46,1763881152,2025-11-22T22:59:12-08:00,Markdown,0,34,22,56
0a9099273e8aa386d8319b9e41dc90a817016e46,1763881152,2025-11-22T22:59:12-08:00,Plain Text,0,214,0,214
0a9099273e8aa386d8319b9e41dc90a817016e46,1763881152,2025-11-22T22:59:12-08:00,Shell,10,0,0,10
0a9099273e8aa386d8319b9e41dc90a817016e46,1763881152,2025-11-22T22:59:12-08:00,Solidity,1156,438,271,1865
0a9099273e8aa386d8319b9e41dc90a817016e46,1763881152,2025-11-22T22:59:12-08:00,TOML,4,1,1,6
0a9099273e8aa386d8319b9e41dc90a817016e46,1763881152,2025-11-22T22:59:12-08:00,YAML,51,0,9,60
a68f5463d975dc6b7c60f06860d06c7b311af632,1764034050,2025-11-24T17:27:30-08:00,JSON,13,0,0,13
a68f5463d975dc6b7c60f06860d06c7b311af632,1764034050,2025-11-24T17:27:30-08:00,Markdown,0,34,22,56
a68f5463d975dc6b7c60f06860d06c7b311af632,1764034050,2025-11-24T17:27:30-08:00,Plain Text,0,214,0,214
a68f5463d975dc6b7c60f06860d06c7b311af632,1764034050,2025-11-24T17:27:30-08:00,Shell,10,0,0,10
a68f5463d975dc6b7c60f06860d06c7b311af632,1764034050,2025-11-24T17:27:30-08:00,Solidity,1859,658,450,2967
a68f5463d975dc6b7c60f06860d06c7b311af632,1764034050,2025-11-24T17:27:30-08:00,TOML,44,6,2,52
a68f5463d975dc6b7c60f06860d06c7b311af632,1764034050,2025-11-24T17:27:30-08:00,YAML,51,0,9,60
ed1925ce1d5e6ea6bed37a85bc067cbfa12dcd38,1764100404,2025-11-25T11:53:24-08:00,JSON,7990,0,0,7990
ed1925ce1d5e6ea6bed37a85bc067cbfa12dcd38,1764100404,2025-11-25T11:53:24-08:00,Markdown,0,34,22,56
ed1925ce1d5e6ea6bed37a85bc067cbfa12dcd38,1764100404,2025-11-25T11:53:24-08:00,Plain Text,0,214,0,214
ed1925ce1d5e6ea6bed37a85bc067cbfa12dcd38,1764100404,2025-11-25T11:53:24-08:00,Shell,10,0,0,10
ed1925ce1d5e6ea6bed37a85bc067cbfa12dcd38,1764100404,2025-11-25T11:53:24-08:00,Solidity,2742,1017,678,4437
ed1925ce1d5e6ea6bed37a85bc067cbfa12dcd38,1764100404,2025-11-25T11:53:24-08:00,TOML,44,6,2,52
ed1925ce1d5e6ea6bed37a85bc067cbfa12dcd38,1764100404,2025-11-25T11:53:24-08:00,TypeScript,106,9,27,142
ed1925ce1d5e6ea6bed37a85bc067cbfa12dcd38,1764100404,2025-11-25T11:53:24-08:00,YAML,51,0,9,60
b6d1a3078e0a6770d31f121e9a941ffa695733c1,1764473958,2025-11-29T19:39:18-08:00,JSON,7990,0,0,7990
b6d1a3078e0a6770d31f121e9a941ffa695733c1,1764473958,2025-11-29T19:39:18-08:00,Markdown,0,34,22,56
b6d1a3078e0a6770d31f121e9a941ffa695733c1,1764473958,2025-11-29T19:39:18-08:00,Plain Text,0,214,0,214
b6d1a3078e0a6770d31f121e9a941ffa695733c1,1764473958,2025-11-29T19:39:18-08:00,Shell,10,0,0,10
b6d1a3078e0a6770d31f121e9a941ffa695733c1,1764473958,2025-11-29T19:39:18-08:00,Solidity,2743,1017,679,4439
b6d1a3078e0a6770d31f121e9a941ffa695733c1,1764473958,2025-11-29T19:39:18-08:00,TOML,44,6,2,52
b6d1a3078e0a6770d31f121e9a941ffa695733c1,1764473958,2025-11-29T19:39:18-08:00,TypeScript,106,9,27,142
b6d1a3078e0a6770d31f121e9a941ffa695733c1,1764473958,2025-11-29T19:39:18-08:00,YAML,51,0,9,60
121b0c274c5939793fca54e20225815bd496c75a,1764804264,2025-12-03T15:24:24-08:00,JSON,7517,0,0,7517
121b0c274c5939793fca54e20225815bd496c75a,1764804264,2025-12-03T15:24:24-08:00,Markdown,0,34,22,56
121b0c274c5939793fca54e20225815bd496c75a,1764804264,2025-12-03T15:24:24-08:00,Plain Text,0,214,0,214
121b0c274c5939793fca54e20225815bd496c75a,1764804264,2025-12-03T15:24:24-08:00,Shell,10,0,0,10
121b0c274c5939793fca54e20225815bd496c75a,1764804264,2025-12-03T15:24:24-08:00,Solidity,10406,4948,2821,18175
121b0c274c5939793fca54e20225815bd496c75a,1764804264,2025-12-03T15:24:24-08:00,TOML,46,24,2,72
121b0c274c5939793fca54e20225815bd496c75a,1764804264,2025-12-03T15:24:24-08:00,TypeScript,111,8,28,147
121b0c274c5939793fca54e20225815bd496c75a,1764804264,2025-12-03T15:24:24-08:00,YAML,51,0,9,60
7e4b18b57ee679399481d9e70755078416b9b136,1764807282,2025-12-03T16:14:42-08:00,JSON,7516,0,0,7516
7e4b18b57ee679399481d9e70755078416b9b136,1764807282,2025-12-03T16:14:42-08:00,Markdown,0,34,22,56
7e4b18b57ee679399481d9e70755078416b9b136,1764807282,2025-12-03T16:14:42-08:00,Plain Text,0,214,0,214
7e4b18b57ee679399481d9e70755078416b9b136,1764807282,2025-12-03T16:14:42-08:00,Shell,10,0,0,10
7e4b18b57ee679399481d9e70755078416b9b136,1764807282,2025-12-03T16:14:42-08:00,Solidity,10407,4950,2821,18178
7e4b18b57ee679399481d9e70755078416b9b136,1764807282,2025-12-03T16:14:42-08:00,TOML,46,24,2,72
7e4b18b57ee679399481d9e70755078416b9b136,1764807282,2025-12-03T16:14:42-08:00,TypeScript,111,8,28,147
7e4b18b57ee679399481d9e70755078416b9b136,1764807282,2025-12-03T16:14:42-08:00,YAML,51,0,9,60
47bb549ca9edb6244da26891a5bf2877b0f9bc13,1765389335,2025-12-10T09:55:35-08:00,JSON,7676,0,0,7676
47bb549ca9edb6244da26891a5bf2877b0f9bc13,1765389335,2025-12-10T09:55:35-08:00,Markdown,0,34,22,56
47bb549ca9edb6244da26891a5bf2877b0f9bc13,1765389335,2025-12-10T09:55:35-08:00,Plain Text,0,215,0,215
47bb549ca9edb6244da26891a5bf2877b0f9bc13,1765389335,2025-12-10T09:55:35-08:00,Shell,10,0,0,10
47bb549ca9edb6244da26891a5bf2877b0f9bc13,1765389335,2025-12-10T09:55:35-08:00,Solidity,17626,8320,4394,30340
47bb549ca9edb6244da26891a5bf2877b0f9bc13,1765389335,2025-12-10T09:55:35-08:00,TOML,49,26,4,79
47bb549ca9edb6244da26891a5bf2877b0f9bc13,1765389335,2025-12-10T09:55:35-08:00,TypeScript,111,8,28,147
47bb549ca9edb6244da26891a5bf2877b0f9bc13,1765389335,2025-12-10T09:55:35-08:00,YAML,51,0,9,60
34dfbf5b24c605e02dc8962b7da437c4fbc45ebf,1765766846,2025-12-14T18:47:26-08:00,JSON,7676,0,0,7676
34dfbf5b24c605e02dc8962b7da437c4fbc45ebf,1765766846,2025-12-14T18:47:26-08:00,Markdown,0,34,22,56
34dfbf5b24c605e02dc8962b7da437c4fbc45ebf,1765766846,2025-12-14T18:47:26-08:00,Plain Text,0,215,0,215
34dfbf5b24c605e02dc8962b7da437c4fbc45ebf,1765766846,2025-12-14T18:47:26-08:00,Shell,10,0,0,10
34dfbf5b24c605e02dc8962b7da437c4fbc45ebf,1765766846,2025-12-14T18:47:26-08:00,Solidity,17626,8320,4394,30340
34dfbf5b24c605e02dc8962b7da437c4fbc45ebf,1765766846,2025-12-14T18:47:26-08:00,TOML,49,26,4,79
34dfbf5b24c605e02dc8962b7da437c4fbc45ebf,1765766846,2025-12-14T18:47:26-08:00,TypeScript,111,8,28,147
34dfbf5b24c605e02dc8962b7da437c4fbc45ebf,1765766846,2025-12-14T18:47:26-08:00,YAML,51,0,9,60
ed17b9a10c464cf4ad2f43db989caf050d04e158,1765798121,2025-12-15T03:28:41-08:00,JSON,7676,0,0,7676
ed17b9a10c464cf4ad2f43db989caf050d04e158,1765798121,2025-12-15T03:28:41-08:00,Markdown,0,34,22,56
ed17b9a10c464cf4ad2f43db989caf050d04e158,1765798121,2025-12-15T03:28:41-08:00,Plain Text,0,218,0,218
ed17b9a10c464cf4ad2f43db989caf050d04e158,1765798121,2025-12-15T03:28:41-08:00,Shell,10,0,0,10
ed17b9a10c464cf4ad2f43db989caf050d04e158,1765798121,2025-12-15T03:28:41-08:00,Solidity,27702,13248,6130,47080
ed17b9a10c464cf4ad2f43db989caf050d04e158,1765798121,2025-12-15T03:28:41-08:00,TOML,51,29,4,84
ed17b9a10c464cf4ad2f43db989caf050d04e158,1765798121,2025-12-15T03:28:41-08:00,TypeScript,111,8,28,147
ed17b9a10c464cf4ad2f43db989caf050d04e158,1765798121,2025-12-15T03:28:41-08:00,YAML,51,0,9,60
a9859fce8c7868f74f725ccbe403fc12f9dfdd36,1765805732,2025-12-15T05:35:32-08:00,JSON,7676,0,0,7676
a9859fce8c7868f74f725ccbe403fc12f9dfdd36,1765805732,2025-12-15T05:35:32-08:00,Markdown,0,34,22,56
a9859fce8c7868f74f725ccbe403fc12f9dfdd36,1765805732,2025-12-15T05:35:32-08:00,Plain Text,0,218,0,218
a9859fce8c7868f74f725ccbe403fc12f9dfdd36,1765805732,2025-12-15T05:35:32-08:00,Shell,10,0,0,10
a9859fce8c7868f74f725ccbe403fc12f9dfdd36,1765805732,2025-12-15T05:35:32-08:00,Solidity,28295,13132,6295,47722
a9859fce8c7868f74f725ccbe403fc12f9dfdd36,1765805732,2025-12-15T05:35:32-08:00,TOML,51,29,4,84
a9859fce8c7868f74f725ccbe403fc12f9dfdd36,1765805732,2025-12-15T05:35:32-08:00,TypeScript,111,8,28,147
a9859fce8c7868f74f725ccbe403fc12f9dfdd36,1765805732,2025-12-15T05:35:32-08:00,YAML,51,0,9,60
493409a54a0293d12ff7f54b018157439c98ebbb,1765851730,2025-12-15T18:22:10-08:00,JSON,7676,0,0,7676
493409a54a0293d12ff7f54b018157439c98ebbb,1765851730,2025-12-15T18:22:10-08:00,Markdown,0,306,54,360
493409a54a0293d12ff7f54b018157439c98ebbb,1765851730,2025-12-15T18:22:10-08:00,Plain Text,0,218,0,218
493409a54a0293d12ff7f54b018157439c98ebbb,1765851730,2025-12-15T18:22:10-08:00,Shell,10,0,0,10
493409a54a0293d12ff7f54b018157439c98ebbb,1765851730,2025-12-15T18:22:10-08:00,Solidity,30130,13216,6762,50108
493409a54a0293d12ff7f54b018157439c98ebbb,1765851730,2025-12-15T18:22:10-08:00,TOML,51,29,4,84
493409a54a0293d12ff7f54b018157439c98ebbb,1765851730,2025-12-15T18:22:10-08:00,TypeScript,111,8,28,147
493409a54a0293d12ff7f54b018157439c98ebbb,1765851730,2025-12-15T18:22:10-08:00,YAML,51,0,9,60
9b1106e691896a03d9e879db73654d367ff2d228,1765924629,2025-12-16T14:37:09-08:00,BASH,2,2,1,5
9b1106e691896a03d9e879db73654d367ff2d228,1765924629,2025-12-16T14:37:09-08:00,JSON,7676,0,0,7676
9b1106e691896a03d9e879db73654d367ff2d228,1765924629,2025-12-16T14:37:09-08:00,Markdown,0,79,42,121
9b1106e691896a03d9e879db73654d367ff2d228,1765924629,2025-12-16T14:37:09-08:00,Plain Text,0,218,0,218
9b1106e691896a03d9e879db73654d367ff2d228,1765924629,2025-12-16T14:37:09-08:00,Shell,10,0,0,10
9b1106e691896a03d9e879db73654d367ff2d228,1765924629,2025-12-16T14:37:09-08:00,Solidity,33656,13456,7554,54666
9b1106e691896a03d9e879db73654d367ff2d228,1765924629,2025-12-16T14:37:09-08:00,TOML,52,30,4,86
9b1106e691896a03d9e879db73654d367ff2d228,1765924629,2025-12-16T14:37:09-08:00,TypeScript,111,8,28,147
9b1106e691896a03d9e879db73654d367ff2d228,1765924629,2025-12-16T14:37:09-08:00,YAML,51,0,9,60
ec81b5fe04c6512a77a5c34cb8cb6041e24c281e,1765926705,2025-12-16T15:11:45-08:00,BASH,2,2,1,5
ec81b5fe04c6512a77a5c34cb8cb6041e24c281e,1765926705,2025-12-16T15:11:45-08:00,JSON,7676,0,0,7676
ec81b5fe04c6512a77a5c34cb8cb6041e24c281e,1765926705,2025-12-16T15:11:45-08:00,Markdown,0,78,42,120
ec81b5fe04c6512a77a5c34cb8cb6041e24c281e,1765926705,2025-12-16T15:11:45-08:00,Plain Text,0,218,0,218
ec81b5fe04c6512a77a5c34cb8cb6041e24c281e,1765926705,2025-12-16T15:11:45-08:00,Shell,10,0,0,10
ec81b5fe04c6512a77a5c34cb8cb6041e24c281e,1765926705,2025-12-16T15:11:45-08:00,Solidity,33981,13467,7626,55074
ec81b5fe04c6512a77a5c34cb8cb6041e24c281e,1765926705,2025-12-16T15:11:45-08:00,TOML,52,30,4,86
ec81b5fe04c6512a77a5c34cb8cb6041e24c281e,1765926705,2025-12-16T15:11:45-08:00,TypeScript,111,8,28,147
ec81b5fe04c6512a77a5c34cb8cb6041e24c281e,1765926705,2025-12-16T15:11:45-08:00,YAML,51,0,9,60
d661581ea08a03848eabe4b30245bae0c3fc1128,1765944238,2025-12-16T20:03:58-08:00,BASH,2,2,1,5
d661581ea08a03848eabe4b30245bae0c3fc1128,1765944238,2025-12-16T20:03:58-08:00,JSON,7676,0,0,7676
d661581ea08a03848eabe4b30245bae0c3fc1128,1765944238,2025-12-16T20:03:58-08:00,Markdown,0,96,45,141
d661581ea08a03848eabe4b30245bae0c3fc1128,1765944238,2025-12-16T20:03:58-08:00,Plain Text,0,218,0,218
d661581ea08a03848eabe4b30245bae0c3fc1128,1765944238,2025-12-16T20:03:58-08:00,Shell,10,0,0,10
d661581ea08a03848eabe4b30245bae0c3fc1128,1765944238,2025-12-16T20:03:58-08:00,Solidity,33379,13443,7431,54253
d661581ea08a03848eabe4b30245bae0c3fc1128,1765944238,2025-12-16T20:03:58-08:00,TOML,55,29,4,88
d661581ea08a03848eabe4b30245bae0c3fc1128,1765944238,2025-12-16T20:03:58-08:00,TypeScript,111,8,28,147
d661581ea08a03848eabe4b30245bae0c3fc1128,1765944238,2025-12-16T20:03:58-08:00,YAML,51,0,9,60
659e4e2c450a520624757fed3385bf886521cad5,1766890793,2025-12-27T18:59:53-08:00,BASH,4,4,2,10
659e4e2c450a520624757fed3385bf886521cad5,1766890793,2025-12-27T18:59:53-08:00,JSON,7676,0,0,7676
659e4e2c450a520624757fed3385bf886521cad5,1766890793,2025-12-27T18:59:53-08:00,Markdown,0,152,68,220
659e4e2c450a520624757fed3385bf886521cad5,1766890793,2025-12-27T18:59:53-08:00,Plain Text,0,218,0,218
659e4e2c450a520624757fed3385bf886521cad5,1766890793,2025-12-27T18:59:53-08:00,Shell,10,0,0,10
659e4e2c450a520624757fed3385bf886521cad5,1766890793,2025-12-27T18:59:53-08:00,Solidity,33895,14164,7546,55605
659e4e2c450a520624757fed3385bf886521cad5,1766890793,2025-12-27T18:59:53-08:00,TOML,55,29,4,88
659e4e2c450a520624757fed3385bf886521cad5,1766890793,2025-12-27T18:59:53-08:00,TypeScript,111,8,28,147
659e4e2c450a520624757fed3385bf886521cad5,1766890793,2025-12-27T18:59:53-08:00,YAML,51,0,9,60
6307eddfbc4727d1fd6f2cc694956a5006d40f41,1767143111,2025-12-30T17:05:11-08:00,BASH,12,12,9,33
6307eddfbc4727d1fd6f2cc694956a5006d40f41,1767143111,2025-12-30T17:05:11-08:00,JSON,7684,0,0,7684
6307eddfbc4727d1fd6f2cc694956a5006d40f41,1767143111,2025-12-30T17:05:11-08:00,Markdown,0,254,106,360
6307eddfbc4727d1fd6f2cc694956a5006d40f41,1767143111,2025-12-30T17:05:11-08:00,Plain Text,0,218,0,218
6307eddfbc4727d1fd6f2cc694956a5006d40f41,1767143111,2025-12-30T17:05:11-08:00,Shell,10,0,0,10
6307eddfbc4727d1fd6f2cc694956a5006d40f41,1767143111,2025-12-30T17:05:11-08:00,Solidity,35651,15359,7949,58959
6307eddfbc4727d1fd6f2cc694956a5006d40f41,1767143111,2025-12-30T17:05:11-08:00,TOML,55,29,4,88
6307eddfbc4727d1fd6f2cc694956a5006d40f41,1767143111,2025-12-30T17:05:11-08:00,TypeScript,111,8,28,147
6307eddfbc4727d1fd6f2cc694956a5006d40f41,1767143111,2025-12-30T17:05:11-08:00,YAML,51,0,9,60
1b682dd2647b6815b9a9e318acb8849f0cbd960f,1767146864,2025-12-30T18:07:44-08:00,BASH,12,12,9,33
1b682dd2647b6815b9a9e318acb8849f0cbd960f,1767146864,2025-12-30T18:07:44-08:00,JSON,7684,0,0,7684
1b682dd2647b6815b9a9e318acb8849f0cbd960f,1767146864,2025-12-30T18:07:44-08:00,Markdown,0,317,127,444
1b682dd2647b6815b9a9e318acb8849f0cbd960f,1767146864,2025-12-30T18:07:44-08:00,Plain Text,0,218,0,218
1b682dd2647b6815b9a9e318acb8849f0cbd960f,1767146864,2025-12-30T18:07:44-08:00,Shell,10,0,0,10
1b682dd2647b6815b9a9e318acb8849f0cbd960f,1767146864,2025-12-30T18:07:44-08:00,Solidity,35730,15366,7957,59053
1b682dd2647b6815b9a9e318acb8849f0cbd960f,1767146864,2025-12-30T18:07:44-08:00,TOML,55,29,4,88
1b682dd2647b6815b9a9e318acb8849f0cbd960f,1767146864,2025-12-30T18:07:44-08:00,TypeScript,111,8,28,147
1b682dd2647b6815b9a9e318acb8849f0cbd960f,1767146864,2025-12-30T18:07:44-08:00,YAML,51,0,9,60
5e3722306b7c8b1c9ab347421a86921cb2dd287c,1767147902,2025-12-30T18:25:02-08:00,BASH,12,12,9,33
5e3722306b7c8b1c9ab347421a86921cb2dd287c,1767147902,2025-12-30T18:25:02-08:00,JSON,7684,0,0,7684
5e3722306b7c8b1c9ab347421a86921cb2dd287c,1767147902,2025-12-30T18:25:02-08:00,Markdown,0,343,135,478
5e3722306b7c8b1c9ab347421a86921cb2dd287c,1767147902,2025-12-30T18:25:02-08:00,Plain Text,0,218,0,218
5e3722306b7c8b1c9ab347421a86921cb2dd287c,1767147902,2025-12-30T18:25:02-08:00,Shell,10,0,0,10
5e3722306b7c8b1c9ab347421a86921cb2dd287c,1767147902,2025-12-30T18:25:02-08:00,Solidity,35766,15369,7961,59096
5e3722306b7c8b1c9ab347421a86921cb2dd287c,1767147902,2025-12-30T18:25:02-08:00,TOML,55,29,4,88
5e3722306b7c8b1c9ab347421a86921cb2dd287c,1767147902,2025-12-30T18:25:02-08:00,TypeScript,111,8,28,147
5e3722306b7c8b1c9ab347421a86921cb2dd287c,1767147902,2025-12-30T18:25:02-08:00,YAML,51,0,9,60
a62da109ca86bfa3bf604439f97e04b9085ba22d,1767148568,2025-12-30T18:36:08-08:00,BASH,12,12,9,33
a62da109ca86bfa3bf604439f97e04b9085ba22d,1767148568,2025-12-30T18:36:08-08:00,JSON,7684,0,0,7684
a62da109ca86bfa3bf604439f97e04b9085ba22d,1767148568,2025-12-30T18:36:08-08:00,Markdown,0,357,138,495
a62da109ca86bfa3bf604439f97e04b9085ba22d,1767148568,2025-12-30T18:36:08-08:00,Plain Text,0,218,0,218
a62da109ca86bfa3bf604439f97e04b9085ba22d,1767148568,2025-12-30T18:36:08-08:00,Shell,10,0,0,10
a62da109ca86bfa3bf604439f97e04b9085ba22d,1767148568,2025-12-30T18:36:08-08:00,Solidity,35791,15375,7966,59132
a62da109ca86bfa3bf604439f97e04b9085ba22d,1767148568,2025-12-30T18:36:08-08:00,TOML,55,29,4,88
a62da109ca86bfa3bf604439f97e04b9085ba22d,1767148568,2025-12-30T18:36:08-08:00,TypeScript,111,8,28,147
a62da109ca86bfa3bf604439f97e04b9085ba22d,1767148568,2025-12-30T18:36:08-08:00,YAML,51,0,9,60
7153ee4f95da240033f0a4443501bab43ff9c50d,1767148800,2025-12-30T18:40:00-08:00,BASH,12,12,9,33
7153ee4f95da240033f0a4443501bab43ff9c50d,1767148800,2025-12-30T18:40:00-08:00,JSON,7684,0,0,7684
7153ee4f95da240033f0a4443501bab43ff9c50d,1767148800,2025-12-30T18:40:00-08:00,Markdown,0,372,143,515
7153ee4f95da240033f0a4443501bab43ff9c50d,1767148800,2025-12-30T18:40:00-08:00,Plain Text,0,218,0,218
7153ee4f95da240033f0a4443501bab43ff9c50d,1767148800,2025-12-30T18:40:00-08:00,Shell,10,0,0,10
7153ee4f95da240033f0a4443501bab43ff9c50d,1767148800,2025-12-30T18:40:00-08:00,Solidity,35837,15379,7975,59191
7153ee4f95da240033f0a4443501bab43ff9c50d,1767148800,2025-12-30T18:40:00-08:00,TOML,55,29,4,88
7153ee4f95da240033f0a4443501bab43ff9c50d,1767148800,2025-12-30T18:40:00-08:00,TypeScript,111,8,28,147
7153ee4f95da240033f0a4443501bab43ff9c50d,1767148800,2025-12-30T18:40:00-08:00,YAML,51,0,9,60
68ecef232aef267089e7973427a994f5e839f621,1767148930,2025-12-30T18:42:10-08:00,BASH,12,12,9,33
68ecef232aef267089e7973427a994f5e839f621,1767148930,2025-12-30T18:42:10-08:00,JSON,7684,0,0,7684
68ecef232aef267089e7973427a994f5e839f621,1767148930,2025-12-30T18:42:10-08:00,Markdown,0,410,147,557
68ecef232aef267089e7973427a994f5e839f621,1767148930,2025-12-30T18:42:10-08:00,Plain Text,0,218,0,218
68ecef232aef267089e7973427a994f5e839f621,1767148930,2025-12-30T18:42:10-08:00,Shell,10,0,0,10
68ecef232aef267089e7973427a994f5e839f621,1767148930,2025-12-30T18:42:10-08:00,Solidity,35837,15379,7975,59191
68ecef232aef267089e7973427a994f5e839f621,1767148930,2025-12-30T18:42:10-08:00,TOML,55,29,4,88
68ecef232aef267089e7973427a994f5e839f621,1767148930,2025-12-30T18:42:10-08:00,TypeScript,111,8,28,147
68ecef232aef267089e7973427a994f5e839f621,1767148930,2025-12-30T18:42:10-08:00,YAML,51,0,9,60
c7e3de215e1d5f5d9ba5eb745c478f9a4e170c67,1767151345,2025-12-30T19:22:25-08:00,BASH,14,12,9,35
c7e3de215e1d5f5d9ba5eb745c478f9a4e170c67,1767151345,2025-12-30T19:22:25-08:00,JSON,7685,0,0,7685
c7e3de215e1d5f5d9ba5eb745c478f9a4e170c67,1767151345,2025-12-30T19:22:25-08:00,Markdown,0,1000,340,1340
c7e3de215e1d5f5d9ba5eb745c478f9a4e170c67,1767151345,2025-12-30T19:22:25-08:00,Plain Text,0,218,0,218
c7e3de215e1d5f5d9ba5eb745c478f9a4e170c67,1767151345,2025-12-30T19:22:25-08:00,Shell,10,0,0,10
c7e3de215e1d5f5d9ba5eb745c478f9a4e170c67,1767151345,2025-12-30T19:22:25-08:00,Solidity,67914,29472,16784,114170
c7e3de215e1d5f5d9ba5eb745c478f9a4e170c67,1767151345,2025-12-30T19:22:25-08:00,TOML,55,29,4,88
c7e3de215e1d5f5d9ba5eb745c478f9a4e170c67,1767151345,2025-12-30T19:22:25-08:00,TypeScript,111,8,28,147
c7e3de215e1d5f5d9ba5eb745c478f9a4e170c67,1767151345,2025-12-30T19:22:25-08:00,YAML,51,0,9,60
b3f3a8ae0eca11c8d64b5aac138a5a933bbabdb0,1767168088,2025-12-31T00:01:28-08:00,BASH,14,12,9,35
b3f3a8ae0eca11c8d64b5aac138a5a933bbabdb0,1767168088,2025-12-31T00:01:28-08:00,JSON,7685,0,0,7685
b3f3a8ae0eca11c8d64b5aac138a5a933bbabdb0,1767168088,2025-12-31T00:01:28-08:00,Markdown,0,1000,340,1340
b3f3a8ae0eca11c8d64b5aac138a5a933bbabdb0,1767168088,2025-12-31T00:01:28-08:00,Plain Text,0,218,0,218
b3f3a8ae0eca11c8d64b5aac138a5a933bbabdb0,1767168088,2025-12-31T00:01:28-08:00,Shell,10,0,0,10
b3f3a8ae0eca11c8d64b5aac138a5a933bbabdb0,1767168088,2025-12-31T00:01:28-08:00,Solidity,68843,29605,17102,115550
b3f3a8ae0eca11c8d64b5aac138a5a933bbabdb0,1767168088,2025-12-31T00:01:28-08:00,TOML,55,29,4,88
b3f3a8ae0eca11c8d64b5aac138a5a933bbabdb0,1767168088,2025-12-31T00:01:28-08:00,TypeScript,111,8,28,147
b3f3a8ae0eca11c8d64b5aac138a5a933bbabdb0,1767168088,2025-12-31T00:01:28-08:00,YAML,51,0,9,60
befcf2fdce3123f54cd2611962b7c110b1ee4938,1767185441,2025-12-31T04:50:41-08:00,BASH,17,17,13,47
befcf2fdce3123f54cd2611962b7c110b1ee4938,1767185441,2025-12-31T04:50:41-08:00,JSON,7689,0,0,7689
befcf2fdce3123f54cd2611962b7c110b1ee4938,1767185441,2025-12-31T04:50:41-08:00,Markdown,0,1607,554,2161
befcf2fdce3123f54cd2611962b7c110b1ee4938,1767185441,2025-12-31T04:50:41-08:00,Plain Text,0,218,0,218
befcf2fdce3123f54cd2611962b7c110b1ee4938,1767185441,2025-12-31T04:50:41-08:00,Shell,10,0,0,10
befcf2fdce3123f54cd2611962b7c110b1ee4938,1767185441,2025-12-31T04:50:41-08:00,Solidity,70251,29954,17594,117799
befcf2fdce3123f54cd2611962b7c110b1ee4938,1767185441,2025-12-31T04:50:41-08:00,TOML,55,29,4,88
befcf2fdce3123f54cd2611962b7c110b1ee4938,1767185441,2025-12-31T04:50:41-08:00,TypeScript,111,8,28,147
befcf2fdce3123f54cd2611962b7c110b1ee4938,1767185441,2025-12-31T04:50:41-08:00,YAML,51,0,9,60
5e2e8f5fb284550a9c1ccfe7773d7887d8afdb84,1767193040,2025-12-31T06:57:20-08:00,BASH,18,18,14,50
5e2e8f5fb284550a9c1ccfe7773d7887d8afdb84,1767193040,2025-12-31T06:57:20-08:00,JSON,7691,0,0,7691
5e2e8f5fb284550a9c1ccfe7773d7887d8afdb84,1767193040,2025-12-31T06:57:20-08:00,Markdown,0,1668,571,2239
5e2e8f5fb284550a9c1ccfe7773d7887d8afdb84,1767193040,2025-12-31T06:57:20-08:00,Plain Text,0,218,0,218
5e2e8f5fb284550a9c1ccfe7773d7887d8afdb84,1767193040,2025-12-31T06:57:20-08:00,Shell,10,0,0,10
5e2e8f5fb284550a9c1ccfe7773d7887d8afdb84,1767193040,2025-12-31T06:57:20-08:00,Solidity,71007,30100,17777,118884
5e2e8f5fb284550a9c1ccfe7773d7887d8afdb84,1767193040,2025-12-31T06:57:20-08:00,TOML,55,29,4,88
5e2e8f5fb284550a9c1ccfe7773d7887d8afdb84,1767193040,2025-12-31T06:57:20-08:00,TypeScript,111,8,28,147
5e2e8f5fb284550a9c1ccfe7773d7887d8afdb84,1767193040,2025-12-31T06:57:20-08:00,YAML,51,0,9,60
ac7a479d9c5eea39821aafcd64bbe843b3b8e6d3,1767195217,2025-12-31T07:33:37-08:00,BASH,19,20,16,55
ac7a479d9c5eea39821aafcd64bbe843b3b8e6d3,1767195217,2025-12-31T07:33:37-08:00,JSON,7691,0,0,7691
ac7a479d9c5eea39821aafcd64bbe843b3b8e6d3,1767195217,2025-12-31T07:33:37-08:00,Markdown,0,1689,570,2259
ac7a479d9c5eea39821aafcd64bbe843b3b8e6d3,1767195217,2025-12-31T07:33:37-08:00,Plain Text,0,218,0,218
ac7a479d9c5eea39821aafcd64bbe843b3b8e6d3,1767195217,2025-12-31T07:33:37-08:00,Shell,10,0,0,10
ac7a479d9c5eea39821aafcd64bbe843b3b8e6d3,1767195217,2025-12-31T07:33:37-08:00,Solidity,71817,30271,18014,120102
ac7a479d9c5eea39821aafcd64bbe843b3b8e6d3,1767195217,2025-12-31T07:33:37-08:00,TOML,55,29,4,88
ac7a479d9c5eea39821aafcd64bbe843b3b8e6d3,1767195217,2025-12-31T07:33:37-08:00,TypeScript,111,8,28,147
ac7a479d9c5eea39821aafcd64bbe843b3b8e6d3,1767195217,2025-12-31T07:33:37-08:00,YAML,51,0,9,60
81c5bde564da4d23038127b7fbc0b529519b7d96,1767382260,2026-01-02T11:31:00-08:00,BASH,20,22,18,60
81c5bde564da4d23038127b7fbc0b529519b7d96,1767382260,2026-01-02T11:31:00-08:00,JSON,7692,0,0,7692
81c5bde564da4d23038127b7fbc0b529519b7d96,1767382260,2026-01-02T11:31:00-08:00,Markdown,0,3367,1043,4410
81c5bde564da4d23038127b7fbc0b529519b7d96,1767382260,2026-01-02T11:31:00-08:00,Plain Text,0,218,0,218
81c5bde564da4d23038127b7fbc0b529519b7d96,1767382260,2026-01-02T11:31:00-08:00,Shell,10,0,0,10
81c5bde564da4d23038127b7fbc0b529519b7d96,1767382260,2026-01-02T11:31:00-08:00,Solidity,77938,31380,19649,128967
81c5bde564da4d23038127b7fbc0b529519b7d96,1767382260,2026-01-02T11:31:00-08:00,TOML,55,29,4,88
81c5bde564da4d23038127b7fbc0b529519b7d96,1767382260,2026-01-02T11:31:00-08:00,TypeScript,123,8,28,159
81c5bde564da4d23038127b7fbc0b529519b7d96,1767382260,2026-01-02T11:31:00-08:00,YAML,51,0,9,60
dbe3b9b4dfd14ab22c80fafeea7e93ea2074a4b9,1767562390,2026-01-04T13:33:10-08:00,BASH,20,22,18,60
dbe3b9b4dfd14ab22c80fafeea7e93ea2074a4b9,1767562390,2026-01-04T13:33:10-08:00,JSON,7692,0,0,7692
dbe3b9b4dfd14ab22c80fafeea7e93ea2074a4b9,1767562390,2026-01-04T13:33:10-08:00,Markdown,0,3367,1043,4410
dbe3b9b4dfd14ab22c80fafeea7e93ea2074a4b9,1767562390,2026-01-04T13:33:10-08:00,Plain Text,0,218,0,218
dbe3b9b4dfd14ab22c80fafeea7e93ea2074a4b9,1767562390,2026-01-04T13:33:10-08:00,Shell,10,0,0,10
dbe3b9b4dfd14ab22c80fafeea7e93ea2074a4b9,1767562390,2026-01-04T13:33:10-08:00,Solidity,77972,31368,19656,128996
dbe3b9b4dfd14ab22c80fafeea7e93ea2074a4b9,1767562390,2026-01-04T13:33:10-08:00,TOML,55,29,4,88
dbe3b9b4dfd14ab22c80fafeea7e93ea2074a4b9,1767562390,2026-01-04T13:33:10-08:00,TypeScript,123,8,28,159
dbe3b9b4dfd14ab22c80fafeea7e93ea2074a4b9,1767562390,2026-01-04T13:33:10-08:00,YAML,51,0,9,60
bde465eb45842ca96e7cb75f18575ff9915e9c0c,1767629450,2026-01-05T08:10:50-08:00,BASH,20,22,18,60
bde465eb45842ca96e7cb75f18575ff9915e9c0c,1767629450,2026-01-05T08:10:50-08:00,JSON,7692,0,0,7692
bde465eb45842ca96e7cb75f18575ff9915e9c0c,1767629450,2026-01-05T08:10:50-08:00,Markdown,0,3367,1043,4410
bde465eb45842ca96e7cb75f18575ff9915e9c0c,1767629450,2026-01-05T08:10:50-08:00,Plain Text,0,218,0,218
bde465eb45842ca96e7cb75f18575ff9915e9c0c,1767629450,2026-01-05T08:10:50-08:00,Shell,10,0,0,10
bde465eb45842ca96e7cb75f18575ff9915e9c0c,1767629450,2026-01-05T08:10:50-08:00,Solidity,77974,31376,19663,129013
bde465eb45842ca96e7cb75f18575ff9915e9c0c,1767629450,2026-01-05T08:10:50-08:00,TOML,55,29,4,88
bde465eb45842ca96e7cb75f18575ff9915e9c0c,1767629450,2026-01-05T08:10:50-08:00,TypeScript,123,8,28,159
bde465eb45842ca96e7cb75f18575ff9915e9c0c,1767629450,2026-01-05T08:10:50-08:00,YAML,51,0,9,60
6beddf7cc72e480d82897d21c4648fbb9e09fac4,1767773637,2026-01-07T00:13:57-08:00,BASH,20,22,18,60
6beddf7cc72e480d82897d21c4648fbb9e09fac4,1767773637,2026-01-07T00:13:57-08:00,JSON,7692,0,0,7692
6beddf7cc72e480d82897d21c4648fbb9e09fac4,1767773637,2026-01-07T00:13:57-08:00,Markdown,0,3367,1043,4410
6beddf7cc72e480d82897d21c4648fbb9e09fac4,1767773637,2026-01-07T00:13:57-08:00,Plain Text,0,218,0,218
6beddf7cc72e480d82897d21c4648fbb9e09fac4,1767773637,2026-01-07T00:13:57-08:00,Shell,10,0,0,10
6beddf7cc72e480d82897d21c4648fbb9e09fac4,1767773637,2026-01-07T00:13:57-08:00,Solidity,77974,31376,19663,129013
6beddf7cc72e480d82897d21c4648fbb9e09fac4,1767773637,2026-01-07T00:13:57-08:00,TOML,55,29,4,88
6beddf7cc72e480d82897d21c4648fbb9e09fac4,1767773637,2026-01-07T00:13:57-08:00,TypeScript,123,8,28,159
6beddf7cc72e480d82897d21c4648fbb9e09fac4,1767773637,2026-01-07T00:13:57-08:00,YAML,51,0,9,60
52ae9f13ee5707424dabcba9949ce89dee3f7323,1767773813,2026-01-07T00:16:53-08:00,BASH,20,22,18,60
52ae9f13ee5707424dabcba9949ce89dee3f7323,1767773813,2026-01-07T00:16:53-08:00,JSON,7692,0,0,7692
52ae9f13ee5707424dabcba9949ce89dee3f7323,1767773813,2026-01-07T00:16:53-08:00,Markdown,0,3367,1043,4410
52ae9f13ee5707424dabcba9949ce89dee3f7323,1767773813,2026-01-07T00:16:53-08:00,Plain Text,0,218,0,218
52ae9f13ee5707424dabcba9949ce89dee3f7323,1767773813,2026-01-07T00:16:53-08:00,Shell,10,0,0,10
52ae9f13ee5707424dabcba9949ce89dee3f7323,1767773813,2026-01-07T00:16:53-08:00,Solidity,78067,31507,19699,129273
52ae9f13ee5707424dabcba9949ce89dee3f7323,1767773813,2026-01-07T00:16:53-08:00,TOML,58,29,4,91
52ae9f13ee5707424dabcba9949ce89dee3f7323,1767773813,2026-01-07T00:16:53-08:00,TypeScript,123,8,28,159
52ae9f13ee5707424dabcba9949ce89dee3f7323,1767773813,2026-01-07T00:16:53-08:00,YAML,51,0,9,60
7f4e1cf4e7d0d06447f6150b1ebbb9feafd8377f,1767833577,2026-01-07T16:52:57-08:00,BASH,20,22,18,60
7f4e1cf4e7d0d06447f6150b1ebbb9feafd8377f,1767833577,2026-01-07T16:52:57-08:00,JSON,7692,0,0,7692
7f4e1cf4e7d0d06447f6150b1ebbb9feafd8377f,1767833577,2026-01-07T16:52:57-08:00,Markdown,0,3399,1060,4459
7f4e1cf4e7d0d06447f6150b1ebbb9feafd8377f,1767833577,2026-01-07T16:52:57-08:00,Plain Text,0,218,0,218
7f4e1cf4e7d0d06447f6150b1ebbb9feafd8377f,1767833577,2026-01-07T16:52:57-08:00,Shell,10,0,0,10
7f4e1cf4e7d0d06447f6150b1ebbb9feafd8377f,1767833577,2026-01-07T16:52:57-08:00,Solidity,78201,31508,19714,129423
7f4e1cf4e7d0d06447f6150b1ebbb9feafd8377f,1767833577,2026-01-07T16:52:57-08:00,TOML,58,29,4,91
7f4e1cf4e7d0d06447f6150b1ebbb9feafd8377f,1767833577,2026-01-07T16:52:57-08:00,TypeScript,123,8,28,159
7f4e1cf4e7d0d06447f6150b1ebbb9feafd8377f,1767833577,2026-01-07T16:52:57-08:00,YAML,51,0,9,60
499af50e12488e750bc76375d8768c088238c614,1767911153,2026-01-08T14:25:53-08:00,BASH,20,22,18,60
499af50e12488e750bc76375d8768c088238c614,1767911153,2026-01-08T14:25:53-08:00,JSON,7692,0,0,7692
499af50e12488e750bc76375d8768c088238c614,1767911153,2026-01-08T14:25:53-08:00,Markdown,0,3505,1087,4592
499af50e12488e750bc76375d8768c088238c614,1767911153,2026-01-08T14:25:53-08:00,Plain Text,0,218,0,218
499af50e12488e750bc76375d8768c088238c614,1767911153,2026-01-08T14:25:53-08:00,Shell,10,0,0,10
499af50e12488e750bc76375d8768c088238c614,1767911153,2026-01-08T14:25:53-08:00,Solidity,82542,33205,20648,136395
499af50e12488e750bc76375d8768c088238c614,1767911153,2026-01-08T14:25:53-08:00,TOML,58,29,4,91
499af50e12488e750bc76375d8768c088238c614,1767911153,2026-01-08T14:25:53-08:00,TypeScript,123,8,28,159
499af50e12488e750bc76375d8768c088238c614,1767911153,2026-01-08T14:25:53-08:00,YAML,51,0,9,60
ea489f7b49a6d9bddfba5f6aad64f54d75847afe,1767911992,2026-01-08T14:39:52-08:00,BASH,55,43,33,131
ea489f7b49a6d9bddfba5f6aad64f54d75847afe,1767911992,2026-01-08T14:39:52-08:00,JSON,7692,0,0,7692
ea489f7b49a6d9bddfba5f6aad64f54d75847afe,1767911992,2026-01-08T14:39:52-08:00,Markdown,0,3533,1106,4639
ea489f7b49a6d9bddfba5f6aad64f54d75847afe,1767911992,2026-01-08T14:39:52-08:00,Plain Text,0,218,0,218
ea489f7b49a6d9bddfba5f6aad64f54d75847afe,1767911992,2026-01-08T14:39:52-08:00,Shell,10,0,0,10
ea489f7b49a6d9bddfba5f6aad64f54d75847afe,1767911992,2026-01-08T14:39:52-08:00,Solidity,82542,33205,20648,136395
ea489f7b49a6d9bddfba5f6aad64f54d75847afe,1767911992,2026-01-08T14:39:52-08:00,TOML,58,29,4,91
ea489f7b49a6d9bddfba5f6aad64f54d75847afe,1767911992,2026-01-08T14:39:52-08:00,TypeScript,123,8,28,159
ea489f7b49a6d9bddfba5f6aad64f54d75847afe,1767911992,2026-01-08T14:39:52-08:00,YAML,51,0,9,60
8f75b163332dea057783b46ee693268d520b36e7,1767917664,2026-01-08T16:14:24-08:00,BASH,55,43,33,131
8f75b163332dea057783b46ee693268d520b36e7,1767917664,2026-01-08T16:14:24-08:00,JSON,7692,0,0,7692
8f75b163332dea057783b46ee693268d520b36e7,1767917664,2026-01-08T16:14:24-08:00,Markdown,0,3533,1106,4639
8f75b163332dea057783b46ee693268d520b36e7,1767917664,2026-01-08T16:14:24-08:00,Plain Text,0,218,0,218
8f75b163332dea057783b46ee693268d520b36e7,1767917664,2026-01-08T16:14:24-08:00,Shell,10,0,0,10
8f75b163332dea057783b46ee693268d520b36e7,1767917664,2026-01-08T16:14:24-08:00,Solidity,82542,33205,20648,136395
8f75b163332dea057783b46ee693268d520b36e7,1767917664,2026-01-08T16:14:24-08:00,TOML,58,29,4,91
8f75b163332dea057783b46ee693268d520b36e7,1767917664,2026-01-08T16:14:24-08:00,TypeScript,123,8,28,159
8f75b163332dea057783b46ee693268d520b36e7,1767917664,2026-01-08T16:14:24-08:00,YAML,51,0,9,60
c9d8e587027c0bf501ed961227c9caf4cb44f516,1767933693,2026-01-08T20:41:33-08:00,BASH,55,43,33,131
c9d8e587027c0bf501ed961227c9caf4cb44f516,1767933693,2026-01-08T20:41:33-08:00,JSON,7692,0,0,7692
c9d8e587027c0bf501ed961227c9caf4cb44f516,1767933693,2026-01-08T20:41:33-08:00,Markdown,0,3721,1166,4887
c9d8e587027c0bf501ed961227c9caf4cb44f516,1767933693,2026-01-08T20:41:33-08:00,Plain Text,0,218,0,218
c9d8e587027c0bf501ed961227c9caf4cb44f516,1767933693,2026-01-08T20:41:33-08:00,Shell,10,0,0,10
c9d8e587027c0bf501ed961227c9caf4cb44f516,1767933693,2026-01-08T20:41:33-08:00,Solidity,84936,33950,21253,140139
c9d8e587027c0bf501ed961227c9caf4cb44f516,1767933693,2026-01-08T20:41:33-08:00,TOML,58,29,4,91
c9d8e587027c0bf501ed961227c9caf4cb44f516,1767933693,2026-01-08T20:41:33-08:00,TypeScript,123,8,28,159
c9d8e587027c0bf501ed961227c9caf4cb44f516,1767933693,2026-01-08T20:41:33-08:00,YAML,51,0,9,60
dcb81a2adc3a85f34c1d2ed261b6a89a2ee27919,1767934075,2026-01-08T20:47:55-08:00,BASH,56,45,34,135
dcb81a2adc3a85f34c1d2ed261b6a89a2ee27919,1767934075,2026-01-08T20:47:55-08:00,JSON,7692,0,0,7692
dcb81a2adc3a85f34c1d2ed261b6a89a2ee27919,1767934075,2026-01-08T20:47:55-08:00,Markdown,0,3721,1166,4887
dcb81a2adc3a85f34c1d2ed261b6a89a2ee27919,1767934075,2026-01-08T20:47:55-08:00,Plain Text,0,218,0,218
dcb81a2adc3a85f34c1d2ed261b6a89a2ee27919,1767934075,2026-01-08T20:47:55-08:00,Shell,10,0,0,10
dcb81a2adc3a85f34c1d2ed261b6a89a2ee27919,1767934075,2026-01-08T20:47:55-08:00,Solidity,84936,33950,21253,140139
dcb81a2adc3a85f34c1d2ed261b6a89a2ee27919,1767934075,2026-01-08T20:47:55-08:00,TOML,58,29,4,91
dcb81a2adc3a85f34c1d2ed261b6a89a2ee27919,1767934075,2026-01-08T20:47:55-08:00,TypeScript,123,8,28,159
dcb81a2adc3a85f34c1d2ed261b6a89a2ee27919,1767934075,2026-01-08T20:47:55-08:00,YAML,51,0,9,60
f6cb760779244df31b78fad4ff6fb8297558de67,1767935378,2026-01-08T21:09:38-08:00,BASH,56,45,34,135
f6cb760779244df31b78fad4ff6fb8297558de67,1767935378,2026-01-08T21:09:38-08:00,JSON,7692,0,0,7692
f6cb760779244df31b78fad4ff6fb8297558de67,1767935378,2026-01-08T21:09:38-08:00,Markdown,0,3721,1166,4887
f6cb760779244df31b78fad4ff6fb8297558de67,1767935378,2026-01-08T21:09:38-08:00,Plain Text,0,218,0,218
f6cb760779244df31b78fad4ff6fb8297558de67,1767935378,2026-01-08T21:09:38-08:00,Shell,10,0,0,10
f6cb760779244df31b78fad4ff6fb8297558de67,1767935378,2026-01-08T21:09:38-08:00,Solidity,85930,34238,21602,141770
f6cb760779244df31b78fad4ff6fb8297558de67,1767935378,2026-01-08T21:09:38-08:00,TOML,58,29,4,91
f6cb760779244df31b78fad4ff6fb8297558de67,1767935378,2026-01-08T21:09:38-08:00,TypeScript,123,8,28,159
f6cb760779244df31b78fad4ff6fb8297558de67,1767935378,2026-01-08T21:09:38-08:00,YAML,51,0,9,60
52ba33c717665ea764f13056b580bbc49775698a,1767935378,2026-01-08T21:09:38-08:00,BASH,56,45,34,135
52ba33c717665ea764f13056b580bbc49775698a,1767935378,2026-01-08T21:09:38-08:00,JSON,7692,0,0,7692
52ba33c717665ea764f13056b580bbc49775698a,1767935378,2026-01-08T21:09:38-08:00,Markdown,0,3721,1166,4887
52ba33c717665ea764f13056b580bbc49775698a,1767935378,2026-01-08T21:09:38-08:00,Plain Text,0,218,0,218
52ba33c717665ea764f13056b580bbc49775698a,1767935378,2026-01-08T21:09:38-08:00,Shell,10,0,0,10
52ba33c717665ea764f13056b580bbc49775698a,1767935378,2026-01-08T21:09:38-08:00,Solidity,86058,34234,21642,141934
52ba33c717665ea764f13056b580bbc49775698a,1767935378,2026-01-08T21:09:38-08:00,TOML,58,29,4,91
52ba33c717665ea764f13056b580bbc49775698a,1767935378,2026-01-08T21:09:38-08:00,TypeScript,123,8,28,159
52ba33c717665ea764f13056b580bbc49775698a,1767935378,2026-01-08T21:09:38-08:00,YAML,51,0,9,60
ca3e3e3d0431727588a4d6acc8dc87f8bd367817,1767959335,2026-01-09T03:48:55-08:00,BASH,56,45,34,135
ca3e3e3d0431727588a4d6acc8dc87f8bd367817,1767959335,2026-01-09T03:48:55-08:00,JSON,7692,0,0,7692
ca3e3e3d0431727588a4d6acc8dc87f8bd367817,1767959335,2026-01-09T03:48:55-08:00,Markdown,0,3721,1166,4887
ca3e3e3d0431727588a4d6acc8dc87f8bd367817,1767959335,2026-01-09T03:48:55-08:00,Plain Text,0,218,0,218
ca3e3e3d0431727588a4d6acc8dc87f8bd367817,1767959335,2026-01-09T03:48:55-08:00,Shell,10,0,0,10
ca3e3e3d0431727588a4d6acc8dc87f8bd367817,1767959335,2026-01-09T03:48:55-08:00,Solidity,86058,34344,21644,142046
ca3e3e3d0431727588a4d6acc8dc87f8bd367817,1767959335,2026-01-09T03:48:55-08:00,TOML,58,29,4,91
ca3e3e3d0431727588a4d6acc8dc87f8bd367817,1767959335,2026-01-09T03:48:55-08:00,TypeScript,123,8,28,159
ca3e3e3d0431727588a4d6acc8dc87f8bd367817,1767959335,2026-01-09T03:48:55-08:00,YAML,51,0,9,60
e48fd39909788336d0c6485d3b35ea5433aa081d,1767959397,2026-01-09T03:49:57-08:00,BASH,56,45,34,135
e48fd39909788336d0c6485d3b35ea5433aa081d,1767959397,2026-01-09T03:49:57-08:00,JSON,7692,0,0,7692
e48fd39909788336d0c6485d3b35ea5433aa081d,1767959397,2026-01-09T03:49:57-08:00,Markdown,0,3721,1166,4887
e48fd39909788336d0c6485d3b35ea5433aa081d,1767959397,2026-01-09T03:49:57-08:00,Plain Text,0,218,0,218
e48fd39909788336d0c6485d3b35ea5433aa081d,1767959397,2026-01-09T03:49:57-08:00,Shell,10,0,0,10
e48fd39909788336d0c6485d3b35ea5433aa081d,1767959397,2026-01-09T03:49:57-08:00,Solidity,88659,35372,22246,146277
e48fd39909788336d0c6485d3b35ea5433aa081d,1767959397,2026-01-09T03:49:57-08:00,TOML,58,29,4,91
e48fd39909788336d0c6485d3b35ea5433aa081d,1767959397,2026-01-09T03:49:57-08:00,TypeScript,123,8,28,159
e48fd39909788336d0c6485d3b35ea5433aa081d,1767959397,2026-01-09T03:49:57-08:00,YAML,51,0,9,60
d8ec6ccc484fb810fa9b049f2ed21c9a56ab45de,1767962633,2026-01-09T04:43:53-08:00,BASH,59,48,36,143
d8ec6ccc484fb810fa9b049f2ed21c9a56ab45de,1767962633,2026-01-09T04:43:53-08:00,JSON,7692,0,0,7692
d8ec6ccc484fb810fa9b049f2ed21c9a56ab45de,1767962633,2026-01-09T04:43:53-08:00,Markdown,0,3749,1181,4930
d8ec6ccc484fb810fa9b049f2ed21c9a56ab45de,1767962633,2026-01-09T04:43:53-08:00,Plain Text,0,218,0,218
d8ec6ccc484fb810fa9b049f2ed21c9a56ab45de,1767962633,2026-01-09T04:43:53-08:00,Shell,10,0,0,10
d8ec6ccc484fb810fa9b049f2ed21c9a56ab45de,1767962633,2026-01-09T04:43:53-08:00,Solidity,88660,35375,22246,146281
d8ec6ccc484fb810fa9b049f2ed21c9a56ab45de,1767962633,2026-01-09T04:43:53-08:00,TOML,58,29,4,91
d8ec6ccc484fb810fa9b049f2ed21c9a56ab45de,1767962633,2026-01-09T04:43:53-08:00,TypeScript,123,8,28,159
d8ec6ccc484fb810fa9b049f2ed21c9a56ab45de,1767962633,2026-01-09T04:43:53-08:00,YAML,51,0,9,60
d42466c1a6a7da49b87cbb4404940e9fe9a4bed0,1768012815,2026-01-09T18:40:15-08:00,BASH,59,48,36,143
d42466c1a6a7da49b87cbb4404940e9fe9a4bed0,1768012815,2026-01-09T18:40:15-08:00,JSON,7692,0,0,7692
d42466c1a6a7da49b87cbb4404940e9fe9a4bed0,1768012815,2026-01-09T18:40:15-08:00,Markdown,0,3749,1181,4930
d42466c1a6a7da49b87cbb4404940e9fe9a4bed0,1768012815,2026-01-09T18:40:15-08:00,Plain Text,0,218,0,218
d42466c1a6a7da49b87cbb4404940e9fe9a4bed0,1768012815,2026-01-09T18:40:15-08:00,Shell,10,0,0,10
d42466c1a6a7da49b87cbb4404940e9fe9a4bed0,1768012815,2026-01-09T18:40:15-08:00,Solidity,88660,35375,22246,146281
d42466c1a6a7da49b87cbb4404940e9fe9a4bed0,1768012815,2026-01-09T18:40:15-08:00,TOML,58,29,4,91
d42466c1a6a7da49b87cbb4404940e9fe9a4bed0,1768012815,2026-01-09T18:40:15-08:00,TypeScript,123,8,28,159
d42466c1a6a7da49b87cbb4404940e9fe9a4bed0,1768012815,2026-01-09T18:40:15-08:00,YAML,51,0,9,60
811d58e406bfd17a308f83575b3c98e4d6ba21df,1768012920,2026-01-09T18:42:00-08:00,BASH,59,48,36,143
811d58e406bfd17a308f83575b3c98e4d6ba21df,1768012920,2026-01-09T18:42:00-08:00,JSON,7692,0,0,7692
811d58e406bfd17a308f83575b3c98e4d6ba21df,1768012920,2026-01-09T18:42:00-08:00,Markdown,0,3749,1181,4930
811d58e406bfd17a308f83575b3c98e4d6ba21df,1768012920,2026-01-09T18:42:00-08:00,Plain Text,0,218,0,218
811d58e406bfd17a308f83575b3c98e4d6ba21df,1768012920,2026-01-09T18:42:00-08:00,Shell,10,0,0,10
811d58e406bfd17a308f83575b3c98e4d6ba21df,1768012920,2026-01-09T18:42:00-08:00,Solidity,88660,35375,22246,146281
811d58e406bfd17a308f83575b3c98e4d6ba21df,1768012920,2026-01-09T18:42:00-08:00,TOML,58,29,4,91
811d58e406bfd17a308f83575b3c98e4d6ba21df,1768012920,2026-01-09T18:42:00-08:00,TypeScript,123,8,28,159
811d58e406bfd17a308f83575b3c98e4d6ba21df,1768012920,2026-01-09T18:42:00-08:00,YAML,51,0,9,60
5d46d7c86fdf96c189bcf01563b60eaaf3f68335,1768090181,2026-01-10T16:09:41-08:00,BASH,59,48,36,143
5d46d7c86fdf96c189bcf01563b60eaaf3f68335,1768090181,2026-01-10T16:09:41-08:00,JSON,7692,0,0,7692
5d46d7c86fdf96c189bcf01563b60eaaf3f68335,1768090181,2026-01-10T16:09:41-08:00,Markdown,0,3765,1187,4952
5d46d7c86fdf96c189bcf01563b60eaaf3f68335,1768090181,2026-01-10T16:09:41-08:00,Plain Text,0,218,0,218
5d46d7c86fdf96c189bcf01563b60eaaf3f68335,1768090181,2026-01-10T16:09:41-08:00,Shell,10,0,0,10
5d46d7c86fdf96c189bcf01563b60eaaf3f68335,1768090181,2026-01-10T16:09:41-08:00,Solidity,88694,35379,22249,146322
5d46d7c86fdf96c189bcf01563b60eaaf3f68335,1768090181,2026-01-10T16:09:41-08:00,TOML,58,29,4,91
5d46d7c86fdf96c189bcf01563b60eaaf3f68335,1768090181,2026-01-10T16:09:41-08:00,TypeScript,123,8,28,159
5d46d7c86fdf96c189bcf01563b60eaaf3f68335,1768090181,2026-01-10T16:09:41-08:00,YAML,51,0,9,60
7a1bee702364889249074a95adbc30430e4243f3,1768248353,2026-01-12T12:05:53-08:00,BASH,59,48,36,143
7a1bee702364889249074a95adbc30430e4243f3,1768248353,2026-01-12T12:05:53-08:00,JSON,7692,0,0,7692
7a1bee702364889249074a95adbc30430e4243f3,1768248353,2026-01-12T12:05:53-08:00,Markdown,0,3765,1187,4952
7a1bee702364889249074a95adbc30430e4243f3,1768248353,2026-01-12T12:05:53-08:00,Plain Text,0,218,0,218
7a1bee702364889249074a95adbc30430e4243f3,1768248353,2026-01-12T12:05:53-08:00,Shell,10,0,0,10
7a1bee702364889249074a95adbc30430e4243f3,1768248353,2026-01-12T12:05:53-08:00,Solidity,88705,35383,22252,146340
7a1bee702364889249074a95adbc30430e4243f3,1768248353,2026-01-12T12:05:53-08:00,TOML,58,29,4,91
7a1bee702364889249074a95adbc30430e4243f3,1768248353,2026-01-12T12:05:53-08:00,TypeScript,123,8,28,159
7a1bee702364889249074a95adbc30430e4243f3,1768248353,2026-01-12T12:05:53-08:00,YAML,51,0,9,60
398658e25a24a396688e1d340af216221330064e,1768251803,2026-01-12T13:03:23-08:00,BASH,59,48,36,143
398658e25a24a396688e1d340af216221330064e,1768251803,2026-01-12T13:03:23-08:00,JSON,7692,0,0,7692
398658e25a24a396688e1d340af216221330064e,1768251803,2026-01-12T13:03:23-08:00,Markdown,0,3765,1187,4952
398658e25a24a396688e1d340af216221330064e,1768251803,2026-01-12T13:03:23-08:00,Plain Text,0,218,0,218
398658e25a24a396688e1d340af216221330064e,1768251803,2026-01-12T13:03:23-08:00,Shell,10,0,0,10
398658e25a24a396688e1d340af216221330064e,1768251803,2026-01-12T13:03:23-08:00,Solidity,88705,35383,22252,146340
398658e25a24a396688e1d340af216221330064e,1768251803,2026-01-12T13:03:23-08:00,TOML,58,29,4,91
398658e25a24a396688e1d340af216221330064e,1768251803,2026-01-12T13:03:23-08:00,TypeScript,123,8,28,159
398658e25a24a396688e1d340af216221330064e,1768251803,2026-01-12T13:03:23-08:00,YAML,51,0,9,60
0b1c650d75a5db638e2de3080cf0f12b6466d8aa,1768252492,2026-01-12T13:14:52-08:00,BASH,59,48,36,143
0b1c650d75a5db638e2de3080cf0f12b6466d8aa,1768252492,2026-01-12T13:14:52-08:00,JSON,7692,0,0,7692
0b1c650d75a5db638e2de3080cf0f12b6466d8aa,1768252492,2026-01-12T13:14:52-08:00,Markdown,0,3765,1187,4952
0b1c650d75a5db638e2de3080cf0f12b6466d8aa,1768252492,2026-01-12T13:14:52-08:00,Plain Text,0,220,9,229
0b1c650d75a5db638e2de3080cf0f12b6466d8aa,1768252492,2026-01-12T13:14:52-08:00,Shell,10,0,0,10
0b1c650d75a5db638e2de3080cf0f12b6466d8aa,1768252492,2026-01-12T13:14:52-08:00,Solidity,88705,35383,22252,146340
0b1c650d75a5db638e2de3080cf0f12b6466d8aa,1768252492,2026-01-12T13:14:52-08:00,TOML,58,29,4,91
0b1c650d75a5db638e2de3080cf0f12b6466d8aa,1768252492,2026-01-12T13:14:52-08:00,TypeScript,123,8,28,159
0b1c650d75a5db638e2de3080cf0f12b6466d8aa,1768252492,2026-01-12T13:14:52-08:00,YAML,51,0,9,60
da9c812e71eaeb102ef33378c8c8431fa08eaad6,1768254239,2026-01-12T13:43:59-08:00,BASH,59,48,36,143
da9c812e71eaeb102ef33378c8c8431fa08eaad6,1768254239,2026-01-12T13:43:59-08:00,JSON,7692,0,0,7692
da9c812e71eaeb102ef33378c8c8431fa08eaad6,1768254239,2026-01-12T13:43:59-08:00,Markdown,0,3765,1187,4952
da9c812e71eaeb102ef33378c8c8431fa08eaad6,1768254239,2026-01-12T13:43:59-08:00,Plain Text,0,220,8,228
da9c812e71eaeb102ef33378c8c8431fa08eaad6,1768254239,2026-01-12T13:43:59-08:00,Shell,10,0,0,10
da9c812e71eaeb102ef33378c8c8431fa08eaad6,1768254239,2026-01-12T13:43:59-08:00,Solidity,88705,35383,22252,146340
da9c812e71eaeb102ef33378c8c8431fa08eaad6,1768254239,2026-01-12T13:43:59-08:00,TOML,58,29,4,91
da9c812e71eaeb102ef33378c8c8431fa08eaad6,1768254239,2026-01-12T13:43:59-08:00,TypeScript,123,8,28,159
da9c812e71eaeb102ef33378c8c8431fa08eaad6,1768254239,2026-01-12T13:43:59-08:00,YAML,51,0,9,60
8566ba2d1b6a09243bfa3f1d68971ec110d4c213,1768267485,2026-01-12T17:24:45-08:00,BASH,59,48,36,143
8566ba2d1b6a09243bfa3f1d68971ec110d4c213,1768267485,2026-01-12T17:24:45-08:00,JSON,7692,0,0,7692
8566ba2d1b6a09243bfa3f1d68971ec110d4c213,1768267485,2026-01-12T17:24:45-08:00,Markdown,0,4804,1672,6476
8566ba2d1b6a09243bfa3f1d68971ec110d4c213,1768267485,2026-01-12T17:24:45-08:00,Plain Text,0,220,8,228
8566ba2d1b6a09243bfa3f1d68971ec110d4c213,1768267485,2026-01-12T17:24:45-08:00,Shell,10,0,0,10
8566ba2d1b6a09243bfa3f1d68971ec110d4c213,1768267485,2026-01-12T17:24:45-08:00,Solidity,88705,35383,22252,146340
8566ba2d1b6a09243bfa3f1d68971ec110d4c213,1768267485,2026-01-12T17:24:45-08:00,TOML,58,29,4,91
8566ba2d1b6a09243bfa3f1d68971ec110d4c213,1768267485,2026-01-12T17:24:45-08:00,TypeScript,123,8,28,159
8566ba2d1b6a09243bfa3f1d68971ec110d4c213,1768267485,2026-01-12T17:24:45-08:00,YAML,53,7,11,71
d5e514e4ac136fd77f026b6438c57dfef3a21898,1768268082,2026-01-12T17:34:42-08:00,BASH,59,48,36,143
d5e514e4ac136fd77f026b6438c57dfef3a21898,1768268082,2026-01-12T17:34:42-08:00,JSON,7692,0,0,7692
d5e514e4ac136fd77f026b6438c57dfef3a21898,1768268082,2026-01-12T17:34:42-08:00,Markdown,0,5088,1800,6888
d5e514e4ac136fd77f026b6438c57dfef3a21898,1768268082,2026-01-12T17:34:42-08:00,Plain Text,0,220,8,228
d5e514e4ac136fd77f026b6438c57dfef3a21898,1768268082,2026-01-12T17:34:42-08:00,Shell,10,0,0,10
d5e514e4ac136fd77f026b6438c57dfef3a21898,1768268082,2026-01-12T17:34:42-08:00,Solidity,88705,35383,22252,146340
d5e514e4ac136fd77f026b6438c57dfef3a21898,1768268082,2026-01-12T17:34:42-08:00,TOML,58,29,4,91
d5e514e4ac136fd77f026b6438c57dfef3a21898,1768268082,2026-01-12T17:34:42-08:00,TypeScript,123,8,28,159
d5e514e4ac136fd77f026b6438c57dfef3a21898,1768268082,2026-01-12T17:34:42-08:00,YAML,53,7,11,71
4e4cebc36f7260edb69106b66a87f3bc8a260913,1768269185,2026-01-12T17:53:05-08:00,BASH,59,48,36,143
4e4cebc36f7260edb69106b66a87f3bc8a260913,1768269185,2026-01-12T17:53:05-08:00,JSON,7692,0,0,7692
4e4cebc36f7260edb69106b66a87f3bc8a260913,1768269185,2026-01-12T17:53:05-08:00,Markdown,0,5383,1928,7311
4e4cebc36f7260edb69106b66a87f3bc8a260913,1768269185,2026-01-12T17:53:05-08:00,Plain Text,0,220,8,228
4e4cebc36f7260edb69106b66a87f3bc8a260913,1768269185,2026-01-12T17:53:05-08:00,Shell,10,0,0,10
4e4cebc36f7260edb69106b66a87f3bc8a260913,1768269185,2026-01-12T17:53:05-08:00,Solidity,88705,35383,22252,146340
4e4cebc36f7260edb69106b66a87f3bc8a260913,1768269185,2026-01-12T17:53:05-08:00,TOML,58,29,4,91
4e4cebc36f7260edb69106b66a87f3bc8a260913,1768269185,2026-01-12T17:53:05-08:00,TypeScript,123,8,28,159
4e4cebc36f7260edb69106b66a87f3bc8a260913,1768269185,2026-01-12T17:53:05-08:00,YAML,53,7,11,71
f0f89d6cc8c3ba8d37c0e6ef64279487364f1db8,1768270325,2026-01-12T18:12:05-08:00,BASH,59,48,36,143
f0f89d6cc8c3ba8d37c0e6ef64279487364f1db8,1768270325,2026-01-12T18:12:05-08:00,JSON,7693,0,0,7693
f0f89d6cc8c3ba8d37c0e6ef64279487364f1db8,1768270325,2026-01-12T18:12:05-08:00,Markdown,0,5383,1928,7311
f0f89d6cc8c3ba8d37c0e6ef64279487364f1db8,1768270325,2026-01-12T18:12:05-08:00,Plain Text,0,220,8,228
f0f89d6cc8c3ba8d37c0e6ef64279487364f1db8,1768270325,2026-01-12T18:12:05-08:00,Shell,10,0,0,10
f0f89d6cc8c3ba8d37c0e6ef64279487364f1db8,1768270325,2026-01-12T18:12:05-08:00,Solidity,88705,35383,22252,146340
f0f89d6cc8c3ba8d37c0e6ef64279487364f1db8,1768270325,2026-01-12T18:12:05-08:00,TOML,58,29,4,91
f0f89d6cc8c3ba8d37c0e6ef64279487364f1db8,1768270325,2026-01-12T18:12:05-08:00,TypeScript,123,8,28,159
f0f89d6cc8c3ba8d37c0e6ef64279487364f1db8,1768270325,2026-01-12T18:12:05-08:00,YAML,53,7,11,71
22fdb8be4de32401d6271aaee9d9eeb550a0fc6b,1768273082,2026-01-12T18:58:02-08:00,BASH,59,48,36,143
22fdb8be4de32401d6271aaee9d9eeb550a0fc6b,1768273082,2026-01-12T18:58:02-08:00,JSON,7693,0,0,7693
22fdb8be4de32401d6271aaee9d9eeb550a0fc6b,1768273082,2026-01-12T18:58:02-08:00,Markdown,0,5381,1926,7307
22fdb8be4de32401d6271aaee9d9eeb550a0fc6b,1768273082,2026-01-12T18:58:02-08:00,Plain Text,0,220,8,228
22fdb8be4de32401d6271aaee9d9eeb550a0fc6b,1768273082,2026-01-12T18:58:02-08:00,Shell,10,0,0,10
22fdb8be4de32401d6271aaee9d9eeb550a0fc6b,1768273082,2026-01-12T18:58:02-08:00,Solidity,88705,35383,22252,146340
22fdb8be4de32401d6271aaee9d9eeb550a0fc6b,1768273082,2026-01-12T18:58:02-08:00,TOML,58,29,4,91
22fdb8be4de32401d6271aaee9d9eeb550a0fc6b,1768273082,2026-01-12T18:58:02-08:00,TypeScript,123,8,28,159
22fdb8be4de32401d6271aaee9d9eeb550a0fc6b,1768273082,2026-01-12T18:58:02-08:00,YAML,53,7,11,71
1d7197932dbdb8a210890320a25b0e8ec036f4a3,1768284398,2026-01-12T22:06:38-08:00,BASH,59,48,36,143
1d7197932dbdb8a210890320a25b0e8ec036f4a3,1768284398,2026-01-12T22:06:38-08:00,JSON,7693,0,0,7693
1d7197932dbdb8a210890320a25b0e8ec036f4a3,1768284398,2026-01-12T22:06:38-08:00,Markdown,0,5451,1940,7391
1d7197932dbdb8a210890320a25b0e8ec036f4a3,1768284398,2026-01-12T22:06:38-08:00,Plain Text,0,220,8,228
1d7197932dbdb8a210890320a25b0e8ec036f4a3,1768284398,2026-01-12T22:06:38-08:00,Shell,10,0,0,10
1d7197932dbdb8a210890320a25b0e8ec036f4a3,1768284398,2026-01-12T22:06:38-08:00,Solidity,88781,35421,22271,146473
1d7197932dbdb8a210890320a25b0e8ec036f4a3,1768284398,2026-01-12T22:06:38-08:00,TOML,58,29,4,91
1d7197932dbdb8a210890320a25b0e8ec036f4a3,1768284398,2026-01-12T22:06:38-08:00,TypeScript,123,8,28,159
1d7197932dbdb8a210890320a25b0e8ec036f4a3,1768284398,2026-01-12T22:06:38-08:00,YAML,53,7,11,71
b0cbfaa1454cf48c6c9501076fc6525adb751a59,1768284951,2026-01-12T22:15:51-08:00,BASH,59,48,36,143
b0cbfaa1454cf48c6c9501076fc6525adb751a59,1768284951,2026-01-12T22:15:51-08:00,JSON,7693,0,0,7693
b0cbfaa1454cf48c6c9501076fc6525adb751a59,1768284951,2026-01-12T22:15:51-08:00,Markdown,0,5485,1955,7440
b0cbfaa1454cf48c6c9501076fc6525adb751a59,1768284951,2026-01-12T22:15:51-08:00,Plain Text,0,220,8,228
b0cbfaa1454cf48c6c9501076fc6525adb751a59,1768284951,2026-01-12T22:15:51-08:00,Shell,10,0,0,10
b0cbfaa1454cf48c6c9501076fc6525adb751a59,1768284951,2026-01-12T22:15:51-08:00,Solidity,88781,35421,22271,146473
b0cbfaa1454cf48c6c9501076fc6525adb751a59,1768284951,2026-01-12T22:15:51-08:00,TOML,58,29,4,91
b0cbfaa1454cf48c6c9501076fc6525adb751a59,1768284951,2026-01-12T22:15:51-08:00,TypeScript,123,8,28,159
b0cbfaa1454cf48c6c9501076fc6525adb751a59,1768284951,2026-01-12T22:15:51-08:00,YAML,53,7,11,71
87fcc7feea3bfde8a00067cb35be726032d069dd,1768285008,2026-01-12T22:16:48-08:00,BASH,59,48,36,143
87fcc7feea3bfde8a00067cb35be726032d069dd,1768285008,2026-01-12T22:16:48-08:00,JSON,7693,0,0,7693
87fcc7feea3bfde8a00067cb35be726032d069dd,1768285008,2026-01-12T22:16:48-08:00,Markdown,0,5484,1955,7439
87fcc7feea3bfde8a00067cb35be726032d069dd,1768285008,2026-01-12T22:16:48-08:00,Plain Text,0,220,8,228
87fcc7feea3bfde8a00067cb35be726032d069dd,1768285008,2026-01-12T22:16:48-08:00,Shell,10,0,0,10
87fcc7feea3bfde8a00067cb35be726032d069dd,1768285008,2026-01-12T22:16:48-08:00,Solidity,88781,35421,22271,146473
87fcc7feea3bfde8a00067cb35be726032d069dd,1768285008,2026-01-12T22:16:48-08:00,TOML,58,29,4,91
87fcc7feea3bfde8a00067cb35be726032d069dd,1768285008,2026-01-12T22:16:48-08:00,TypeScript,123,8,28,159
87fcc7feea3bfde8a00067cb35be726032d069dd,1768285008,2026-01-12T22:16:48-08:00,YAML,53,7,11,71
9616b54c7ada4f01cec2659d8a911d57d4a9ec56,1768286065,2026-01-12T22:34:25-08:00,BASH,59,48,36,143
9616b54c7ada4f01cec2659d8a911d57d4a9ec56,1768286065,2026-01-12T22:34:25-08:00,JSON,7693,0,0,7693
9616b54c7ada4f01cec2659d8a911d57d4a9ec56,1768286065,2026-01-12T22:34:25-08:00,Markdown,0,5489,1959,7448
9616b54c7ada4f01cec2659d8a911d57d4a9ec56,1768286065,2026-01-12T22:34:25-08:00,Plain Text,0,220,8,228
9616b54c7ada4f01cec2659d8a911d57d4a9ec56,1768286065,2026-01-12T22:34:25-08:00,Shell,10,0,0,10
9616b54c7ada4f01cec2659d8a911d57d4a9ec56,1768286065,2026-01-12T22:34:25-08:00,Solidity,88781,35421,22271,146473
9616b54c7ada4f01cec2659d8a911d57d4a9ec56,1768286065,2026-01-12T22:34:25-08:00,TOML,58,29,4,91
9616b54c7ada4f01cec2659d8a911d57d4a9ec56,1768286065,2026-01-12T22:34:25-08:00,TypeScript,123,8,28,159
9616b54c7ada4f01cec2659d8a911d57d4a9ec56,1768286065,2026-01-12T22:34:25-08:00,YAML,53,7,11,71
b31577d72f3af3e8297583d7dfb21c3d7a03d1d1,1768295439,2026-01-13T01:10:39-08:00,BASH,59,48,36,143
b31577d72f3af3e8297583d7dfb21c3d7a03d1d1,1768295439,2026-01-13T01:10:39-08:00,JSON,7693,0,0,7693
b31577d72f3af3e8297583d7dfb21c3d7a03d1d1,1768295439,2026-01-13T01:10:39-08:00,Markdown,0,5891,2132,8023
b31577d72f3af3e8297583d7dfb21c3d7a03d1d1,1768295439,2026-01-13T01:10:39-08:00,Plain Text,0,220,8,228
b31577d72f3af3e8297583d7dfb21c3d7a03d1d1,1768295439,2026-01-13T01:10:39-08:00,Shell,10,0,0,10
b31577d72f3af3e8297583d7dfb21c3d7a03d1d1,1768295439,2026-01-13T01:10:39-08:00,Solidity,88781,35421,22271,146473
b31577d72f3af3e8297583d7dfb21c3d7a03d1d1,1768295439,2026-01-13T01:10:39-08:00,TOML,58,29,4,91
b31577d72f3af3e8297583d7dfb21c3d7a03d1d1,1768295439,2026-01-13T01:10:39-08:00,TypeScript,123,8,28,159
b31577d72f3af3e8297583d7dfb21c3d7a03d1d1,1768295439,2026-01-13T01:10:39-08:00,YAML,53,7,11,71
1d7397ec7d8c5bec953717c1ff47757228c7bd25,1768295511,2026-01-13T01:11:51-08:00,BASH,59,48,36,143
1d7397ec7d8c5bec953717c1ff47757228c7bd25,1768295511,2026-01-13T01:11:51-08:00,JSON,7693,0,0,7693
1d7397ec7d8c5bec953717c1ff47757228c7bd25,1768295511,2026-01-13T01:11:51-08:00,Markdown,0,5890,2130,8020
1d7397ec7d8c5bec953717c1ff47757228c7bd25,1768295511,2026-01-13T01:11:51-08:00,Plain Text,0,220,8,228
1d7397ec7d8c5bec953717c1ff47757228c7bd25,1768295511,2026-01-13T01:11:51-08:00,Shell,10,0,0,10
1d7397ec7d8c5bec953717c1ff47757228c7bd25,1768295511,2026-01-13T01:11:51-08:00,Solidity,88781,35421,22271,146473
1d7397ec7d8c5bec953717c1ff47757228c7bd25,1768295511,2026-01-13T01:11:51-08:00,TOML,58,29,4,91
1d7397ec7d8c5bec953717c1ff47757228c7bd25,1768295511,2026-01-13T01:11:51-08:00,TypeScript,123,8,28,159
1d7397ec7d8c5bec953717c1ff47757228c7bd25,1768295511,2026-01-13T01:11:51-08:00,YAML,53,7,11,71
a1cea9316f59a6eb22003e65731523dcb1b06653,1768297926,2026-01-13T01:52:06-08:00,BASH,59,48,36,143
a1cea9316f59a6eb22003e65731523dcb1b06653,1768297926,2026-01-13T01:52:06-08:00,JSON,7693,0,0,7693
a1cea9316f59a6eb22003e65731523dcb1b06653,1768297926,2026-01-13T01:52:06-08:00,Markdown,0,6095,2204,8299
a1cea9316f59a6eb22003e65731523dcb1b06653,1768297926,2026-01-13T01:52:06-08:00,Plain Text,0,220,8,228
a1cea9316f59a6eb22003e65731523dcb1b06653,1768297926,2026-01-13T01:52:06-08:00,Shell,10,0,0,10
a1cea9316f59a6eb22003e65731523dcb1b06653,1768297926,2026-01-13T01:52:06-08:00,Solidity,88781,35421,22271,146473
a1cea9316f59a6eb22003e65731523dcb1b06653,1768297926,2026-01-13T01:52:06-08:00,TOML,58,29,4,91
a1cea9316f59a6eb22003e65731523dcb1b06653,1768297926,2026-01-13T01:52:06-08:00,TypeScript,123,8,28,159
a1cea9316f59a6eb22003e65731523dcb1b06653,1768297926,2026-01-13T01:52:06-08:00,YAML,53,7,11,71
0a9b229f115af3fbf28a41109721d0b0d65be449,1768297964,2026-01-13T01:52:44-08:00,BASH,59,48,36,143
0a9b229f115af3fbf28a41109721d0b0d65be449,1768297964,2026-01-13T01:52:44-08:00,JSON,7693,0,0,7693
0a9b229f115af3fbf28a41109721d0b0d65be449,1768297964,2026-01-13T01:52:44-08:00,Markdown,0,6096,2204,8300
0a9b229f115af3fbf28a41109721d0b0d65be449,1768297964,2026-01-13T01:52:44-08:00,Plain Text,0,220,8,228
0a9b229f115af3fbf28a41109721d0b0d65be449,1768297964,2026-01-13T01:52:44-08:00,Shell,10,0,0,10
0a9b229f115af3fbf28a41109721d0b0d65be449,1768297964,2026-01-13T01:52:44-08:00,Solidity,88781,35421,22271,146473
0a9b229f115af3fbf28a41109721d0b0d65be449,1768297964,2026-01-13T01:52:44-08:00,TOML,58,29,4,91
0a9b229f115af3fbf28a41109721d0b0d65be449,1768297964,2026-01-13T01:52:44-08:00,TypeScript,123,8,28,159
0a9b229f115af3fbf28a41109721d0b0d65be449,1768297964,2026-01-13T01:52:44-08:00,YAML,53,7,11,71
0f3e14a43e7b61b699a254b216b64d1e80a2ac9e,1768298219,2026-01-13T01:56:59-08:00,BASH,59,48,36,143
0f3e14a43e7b61b699a254b216b64d1e80a2ac9e,1768298219,2026-01-13T01:56:59-08:00,JSON,7693,0,0,7693
0f3e14a43e7b61b699a254b216b64d1e80a2ac9e,1768298219,2026-01-13T01:56:59-08:00,Markdown,0,6095,2202,8297
0f3e14a43e7b61b699a254b216b64d1e80a2ac9e,1768298219,2026-01-13T01:56:59-08:00,Plain Text,0,220,8,228
0f3e14a43e7b61b699a254b216b64d1e80a2ac9e,1768298219,2026-01-13T01:56:59-08:00,Shell,10,0,0,10
0f3e14a43e7b61b699a254b216b64d1e80a2ac9e,1768298219,2026-01-13T01:56:59-08:00,Solidity,88781,35421,22271,146473
0f3e14a43e7b61b699a254b216b64d1e80a2ac9e,1768298219,2026-01-13T01:56:59-08:00,TOML,58,29,4,91
0f3e14a43e7b61b699a254b216b64d1e80a2ac9e,1768298219,2026-01-13T01:56:59-08:00,TypeScript,123,8,28,159
0f3e14a43e7b61b699a254b216b64d1e80a2ac9e,1768298219,2026-01-13T01:56:59-08:00,YAML,53,7,11,71
b0698634462a4a1c90109894a737f1e21948eb96,1768298247,2026-01-13T01:57:27-08:00,BASH,59,48,36,143
b0698634462a4a1c90109894a737f1e21948eb96,1768298247,2026-01-13T01:57:27-08:00,JSON,7693,0,0,7693
b0698634462a4a1c90109894a737f1e21948eb96,1768298247,2026-01-13T01:57:27-08:00,Markdown,0,6095,2202,8297
b0698634462a4a1c90109894a737f1e21948eb96,1768298247,2026-01-13T01:57:27-08:00,Plain Text,0,220,8,228
b0698634462a4a1c90109894a737f1e21948eb96,1768298247,2026-01-13T01:57:27-08:00,Shell,10,0,0,10
b0698634462a4a1c90109894a737f1e21948eb96,1768298247,2026-01-13T01:57:27-08:00,Solidity,88781,35421,22271,146473
b0698634462a4a1c90109894a737f1e21948eb96,1768298247,2026-01-13T01:57:27-08:00,TOML,58,29,4,91
b0698634462a4a1c90109894a737f1e21948eb96,1768298247,2026-01-13T01:57:27-08:00,TypeScript,123,8,28,159
b0698634462a4a1c90109894a737f1e21948eb96,1768298247,2026-01-13T01:57:27-08:00,YAML,53,7,11,71
e70a811a1b2ee490dc6c78631deb70994fe5fdce,1768298651,2026-01-13T02:04:11-08:00,BASH,59,48,36,143
e70a811a1b2ee490dc6c78631deb70994fe5fdce,1768298651,2026-01-13T02:04:11-08:00,JSON,7693,0,0,7693
e70a811a1b2ee490dc6c78631deb70994fe5fdce,1768298651,2026-01-13T02:04:11-08:00,Markdown,0,6371,2336,8707
e70a811a1b2ee490dc6c78631deb70994fe5fdce,1768298651,2026-01-13T02:04:11-08:00,Plain Text,0,220,8,228
e70a811a1b2ee490dc6c78631deb70994fe5fdce,1768298651,2026-01-13T02:04:11-08:00,Shell,10,0,0,10
e70a811a1b2ee490dc6c78631deb70994fe5fdce,1768298651,2026-01-13T02:04:11-08:00,Solidity,88781,35421,22271,146473
e70a811a1b2ee490dc6c78631deb70994fe5fdce,1768298651,2026-01-13T02:04:11-08:00,TOML,58,29,4,91
e70a811a1b2ee490dc6c78631deb70994fe5fdce,1768298651,2026-01-13T02:04:11-08:00,TypeScript,123,8,28,159
e70a811a1b2ee490dc6c78631deb70994fe5fdce,1768298651,2026-01-13T02:04:11-08:00,YAML,53,7,11,71
84a6a1ac90fd3c83c8a3a9bbe3ff7f2def16c522,1768298831,2026-01-13T02:07:11-08:00,BASH,59,48,36,143
84a6a1ac90fd3c83c8a3a9bbe3ff7f2def16c522,1768298831,2026-01-13T02:07:11-08:00,JSON,7693,0,0,7693
84a6a1ac90fd3c83c8a3a9bbe3ff7f2def16c522,1768298831,2026-01-13T02:07:11-08:00,Markdown,0,6372,2336,8708
84a6a1ac90fd3c83c8a3a9bbe3ff7f2def16c522,1768298831,2026-01-13T02:07:11-08:00,Plain Text,0,220,8,228
84a6a1ac90fd3c83c8a3a9bbe3ff7f2def16c522,1768298831,2026-01-13T02:07:11-08:00,Shell,10,0,0,10
84a6a1ac90fd3c83c8a3a9bbe3ff7f2def16c522,1768298831,2026-01-13T02:07:11-08:00,Solidity,88781,35421,22271,146473
84a6a1ac90fd3c83c8a3a9bbe3ff7f2def16c522,1768298831,2026-01-13T02:07:11-08:00,TOML,58,29,4,91
84a6a1ac90fd3c83c8a3a9bbe3ff7f2def16c522,1768298831,2026-01-13T02:07:11-08:00,TypeScript,123,8,28,159
84a6a1ac90fd3c83c8a3a9bbe3ff7f2def16c522,1768298831,2026-01-13T02:07:11-08:00,YAML,53,7,11,71
92c0f0c1857cb1f9e9905d2cb7abfdeb425ac038,1768299368,2026-01-13T02:16:08-08:00,BASH,59,48,36,143
92c0f0c1857cb1f9e9905d2cb7abfdeb425ac038,1768299368,2026-01-13T02:16:08-08:00,JSON,7693,0,0,7693
92c0f0c1857cb1f9e9905d2cb7abfdeb425ac038,1768299368,2026-01-13T02:16:08-08:00,Markdown,0,6370,2336,8706
92c0f0c1857cb1f9e9905d2cb7abfdeb425ac038,1768299368,2026-01-13T02:16:08-08:00,Plain Text,0,220,8,228
92c0f0c1857cb1f9e9905d2cb7abfdeb425ac038,1768299368,2026-01-13T02:16:08-08:00,Shell,10,0,0,10
92c0f0c1857cb1f9e9905d2cb7abfdeb425ac038,1768299368,2026-01-13T02:16:08-08:00,Solidity,88781,35421,22271,146473
92c0f0c1857cb1f9e9905d2cb7abfdeb425ac038,1768299368,2026-01-13T02:16:08-08:00,TOML,58,29,4,91
92c0f0c1857cb1f9e9905d2cb7abfdeb425ac038,1768299368,2026-01-13T02:16:08-08:00,TypeScript,123,8,28,159
92c0f0c1857cb1f9e9905d2cb7abfdeb425ac038,1768299368,2026-01-13T02:16:08-08:00,YAML,53,7,11,71
002890d71b2e692116fbafe07a69045fc614c401,1768299487,2026-01-13T02:18:07-08:00,BASH,59,48,36,143
002890d71b2e692116fbafe07a69045fc614c401,1768299487,2026-01-13T02:18:07-08:00,JSON,7693,0,0,7693
002890d71b2e692116fbafe07a69045fc614c401,1768299487,2026-01-13T02:18:07-08:00,Markdown,0,6363,2335,8698
002890d71b2e692116fbafe07a69045fc614c401,1768299487,2026-01-13T02:18:07-08:00,Plain Text,0,220,8,228
002890d71b2e692116fbafe07a69045fc614c401,1768299487,2026-01-13T02:18:07-08:00,Shell,10,0,0,10
002890d71b2e692116fbafe07a69045fc614c401,1768299487,2026-01-13T02:18:07-08:00,Solidity,88781,35421,22271,146473
002890d71b2e692116fbafe07a69045fc614c401,1768299487,2026-01-13T02:18:07-08:00,TOML,58,29,4,91
002890d71b2e692116fbafe07a69045fc614c401,1768299487,2026-01-13T02:18:07-08:00,TypeScript,123,8,28,159
002890d71b2e692116fbafe07a69045fc614c401,1768299487,2026-01-13T02:18:07-08:00,YAML,53,7,11,71
6917ef10f5054ed68f74396c8ae6d2411f836af3,1768299902,2026-01-13T02:25:02-08:00,BASH,59,48,36,143
6917ef10f5054ed68f74396c8ae6d2411f836af3,1768299902,2026-01-13T02:25:02-08:00,JSON,7693,0,0,7693
6917ef10f5054ed68f74396c8ae6d2411f836af3,1768299902,2026-01-13T02:25:02-08:00,Markdown,0,6365,2337,8702
6917ef10f5054ed68f74396c8ae6d2411f836af3,1768299902,2026-01-13T02:25:02-08:00,Plain Text,0,220,8,228
6917ef10f5054ed68f74396c8ae6d2411f836af3,1768299902,2026-01-13T02:25:02-08:00,Shell,10,0,0,10
6917ef10f5054ed68f74396c8ae6d2411f836af3,1768299902,2026-01-13T02:25:02-08:00,Solidity,88781,35421,22271,146473
6917ef10f5054ed68f74396c8ae6d2411f836af3,1768299902,2026-01-13T02:25:02-08:00,TOML,58,29,4,91
6917ef10f5054ed68f74396c8ae6d2411f836af3,1768299902,2026-01-13T02:25:02-08:00,TypeScript,123,8,28,159
6917ef10f5054ed68f74396c8ae6d2411f836af3,1768299902,2026-01-13T02:25:02-08:00,YAML,53,7,11,71
0533601010871f5d3f4beadba69f27753cd41ef9,1768300048,2026-01-13T02:27:28-08:00,BASH,59,48,36,143
0533601010871f5d3f4beadba69f27753cd41ef9,1768300048,2026-01-13T02:27:28-08:00,JSON,7693,0,0,7693
0533601010871f5d3f4beadba69f27753cd41ef9,1768300048,2026-01-13T02:27:28-08:00,Markdown,0,6359,2336,8695
0533601010871f5d3f4beadba69f27753cd41ef9,1768300048,2026-01-13T02:27:28-08:00,Plain Text,0,220,8,228
0533601010871f5d3f4beadba69f27753cd41ef9,1768300048,2026-01-13T02:27:28-08:00,Shell,10,0,0,10
0533601010871f5d3f4beadba69f27753cd41ef9,1768300048,2026-01-13T02:27:28-08:00,Solidity,88781,35421,22271,146473
0533601010871f5d3f4beadba69f27753cd41ef9,1768300048,2026-01-13T02:27:28-08:00,TOML,58,29,4,91
0533601010871f5d3f4beadba69f27753cd41ef9,1768300048,2026-01-13T02:27:28-08:00,TypeScript,123,8,28,159
0533601010871f5d3f4beadba69f27753cd41ef9,1768300048,2026-01-13T02:27:28-08:00,YAML,53,7,11,71
aef434ff8d8e62e6c6c36549ef74ef97a117c339,1768300601,2026-01-13T02:36:41-08:00,BASH,59,48,36,143
aef434ff8d8e62e6c6c36549ef74ef97a117c339,1768300601,2026-01-13T02:36:41-08:00,JSON,7693,0,0,7693
aef434ff8d8e62e6c6c36549ef74ef97a117c339,1768300601,2026-01-13T02:36:41-08:00,Markdown,0,6359,2336,8695
aef434ff8d8e62e6c6c36549ef74ef97a117c339,1768300601,2026-01-13T02:36:41-08:00,Plain Text,0,220,8,228
aef434ff8d8e62e6c6c36549ef74ef97a117c339,1768300601,2026-01-13T02:36:41-08:00,Shell,10,0,0,10
aef434ff8d8e62e6c6c36549ef74ef97a117c339,1768300601,2026-01-13T02:36:41-08:00,Solidity,88781,35421,22271,146473
aef434ff8d8e62e6c6c36549ef74ef97a117c339,1768300601,2026-01-13T02:36:41-08:00,TOML,58,29,4,91
aef434ff8d8e62e6c6c36549ef74ef97a117c339,1768300601,2026-01-13T02:36:41-08:00,TypeScript,123,8,28,159
aef434ff8d8e62e6c6c36549ef74ef97a117c339,1768300601,2026-01-13T02:36:41-08:00,YAML,53,7,11,71
